POST-OFFICE-NAME	PIN-CODE	DISTRICT	STATE
ABAZAI	24550	Charsadda 	NWFP
ABBA KHEL	28440	Bannu 	NWFP
ABBAS PUR	12200	Rawalakot 	Azad Kashmir
ABBOTTABAD GPO	22010	Abbottabad 	NWFP
ABBOTTABAD PUBLIC SCHOOL	22030	Abbottabad 	NWFP
ABDUL HAKIM	58180	Khanewal 	Punjab
ADAMJEE PAPER BOARD MILLS NOWSHERA	24170	Nowshera 	NWFP
ADDA GAMBEER	57460	Sahiwal 	Punjab
ADDA MIR ABBAS	28300	Bannu 	NWFP
ADHI KOT	41260	Khushab 	Punjab
ADHIAN 	39060	Qila Sheikhupura 	Punjab
ADIL PUR	65080	Sukkur 	Sindh
ADOWAL	50730	Gujrat 	Punjab
ADRANA	49304	Jhelum 	Punjab
AFZAL PUR	10360	Mirpur 	Azad Kashmir
AGRA	66074	Khairpur  	Sindh
AGRICULTUR INSTITUTE NAWABSHAH	67230	Nawabshah 	Sindh
AHAMED PUR SIAL	35090	Jhang 	Punjab 
AHATA FAROOQIA	47066	Wah Cantt. 	Punjab
AHDI	47750	Gujar Khan 	Punjab
AHMAD NAGAR	52070	Gujranwala 	Punjab
AHMAD PUR EAST	63350	Bahawalpur 	Punjab
AHMADPUR LAMA	64380	Rahimyar Khan 	Punjab
AHMED PUR	40120	Sargodha 	Punjab
AHMED PUR	66040	Khairpur  	Sindh
AHMEDWAL	95150	Quetta 	Balochistan
AHSAN PUR	34000	Muzaffargarh 	Punjab
AITCHESON COLLEGE	54030	Lahore 	Punjab
AJK BOARD OF EDUCATION MIRPUR	10240	Mirpur 	Azad Kashmir
AJNIAN WALA	39450	Qila Sheikhupura 	Punjab
AKAL GARH	10470	Mirpur 	Azad Kashmir
AKBAR PURA	24320	Nowshera 	NWFP
AKHTAR ABAD	56100	Okara 	Punjab
AKORA KHATTAK	24040	Nowshera 	NWFP
AKWAL	48060	Talagang 	Punjab
ALAMABAD	40418	Sargodha 	Punjab
ALFLAH 	54020	Lahore 	Punjab
ALI PUR	34450	Muzaffargarh 	Punjab
ALI PUR CHATHA	52080	Gujranwala 	Punjab
ALI PUR FRASH	45600	Islamabad 	Federal Capital
ALI TOWN 	87340	Quetta 	Balochistan
ALIABAD	15600	Gilgit 	Northern Area
ALIPUR NOON	40500	Sargodha 	Punjab
ALIZAI	26280	Kohat 	NWFP
AL-JAMIA	57470	Sahiwal 	Punjab
ALLAH ABAD	64020	Rahimyar Khan 	Punjab
ALLAH BAKHASH COLONY	24020	Nowshera 	NWFP
ALLIANCE TEXTILE MILLS	49610	Jhelum 	Punjab
ALLUWALI	42010	Mianwali 	Punjab
ALOCH	19150	Saidu Sharif 	NWFP
ALPURAI	19100	Saidu Sharif 	NWFP
ALRO LAB	43734	Attock 	Punjab
ALTIT	15710	Gilgit 	Northern Area
AMA KHEL	29432	Tank 	NWFP
AMAN KOT	19140	Saidu Sharif 	NWFP
AMBA DHER	24610	Charsadda 	NWFP
AMIRABAD	24502	Charsadda 	NWFP
AMMUNITION DEPOT KASHMORE	79212	Jacobabad 	Sindh
AMRA KALAN	50340	Mandi Bahauddin 	Punjab
ANGAH	41140	Khushab 	Punjab
ANWAR SHAEED COLONY RENALA KHURD	56150	Okara 	Punjab
AQIL SHAH	67040	Nawabshah 	Sindh
ARA	48326	Chakwal 	Punjab
ARAIN ROAD	65320	Sukkur 	Sindh
ARANDA	17250	Chitral 	NWFP
ARIF WALA	57450	Sahiwal 	Punjab
ARJA 	12460	Bagh 	Azad Kashmir
AROOP	52400	Gujranwala 	Punjab
ARRAR	48370	Chakwal 	Punjab
ARZI BHUTTO	77280	Larkana 	SIndh
ASHRAF SUGAR MILLS BAHAWALPUR	63274	Bahawalpur 	Punjab
ASHRIT	17260	Chitral 	NWFP
ASIABAD	92610	Turbat 	Balochistan
ASTANA-E-FAZAL	40184	Sargodha 	Punjab
ASTORE	14300	Gilgit 	Northern Area
ATHARAN HAZARI	35180	Jhang 	Punjab
ATHMAQAM	13230	Muzaffarabad 	Azad Kashmir
ATTOCK G.P.O.	43600	Attock 	Punjab
ATTOCK KHURD	43560	Attock 	Punjab
ATTOCK OIL COMPANY RAWALPINDI	46600	Rawalpindi 	Punjab
AURANGABAD	50010	Gujrat 	Punjab
AWAN COLONEY 	54780	Lahore 	Punjab 
AWAN GHAMBEER	28122	Bannu 	NWFP
AWAN SHARIF	50870	Gujrat 	Punjab
AYUB AGRICULTURAL RESEARCH INSTITUTE	38850	Faisalabad 	Punjab
AYUB MEDICAL COLLEGE ABBOTTABAD	22040	Abbottabad 	NWFP
AYUBIA	22310	Abbottabad 	NWFP
AYUN	17210	Chitral 	NWFP
AZA KHEL BALA	24190	Nowshera 	NWFP
AZA KHEL PAYAN	24182	Nowshera 	NWFP
AZAD PATTAN	12000	Rawalakot 	Azad Kashmir
B AL BRAHMANA	11220	Kotli 	Azad Kashmir
B. G. PUR	50330	Mandi Bahauddin 	Punjab
BABARLOI	65270	Sukkur 	Sindh
BABU ZAI	23250	Mardan 	NWFP
BADAH	77010	Larkana 	Sindh
BADBHER	24840	Peshawar 	NWFP
BADHBER PAF CAMP	24830	Peshawar 	NWFP
BADHO KAMBRANI	72060	Hyderabad 	Sindh
BADHORA	22780	Haripur 	NWFP
BADIANA	51410	Sialkot 	Punjab
BADIN 	72200	Hyderabad 	Sindh
BADOMALI	51700	Narowal 	Punjab
BADSHAHAN	48760	Chakwal 	Punjab
BAFFA	21110	Mansehra 	NWFP
BAGAN	22290	Abbottabad 	NWFP
BAGARJI 	65330	Sukkur 	Sindh
BAGH 	12500	Bagh 	Azad Kashmir
BAGH JAMIRI	47390	Rawalpindi 	Punjab
BAGHBANPURA	54920	Lahore 	Punjab
BAGHICHA	16500	Skardu HPO	Northern Area
BAGHO BAHR	64160	Rahimyar Khan 	Punjab
BAGHPUR DHERI	22652	Haripur 	NWFP
BAGNIAL	45240	Islamabad 	Federal Capital
BAGNOTAR	22210	Abbottabad 	NWFP
BAHADAR PUR	59300	Multan 	Punjab
BAHADUR KHEL	27410	Karak 	NWFP
BAHALIKE	39530	Qila Sheikhupura 	Punjab
BAHAUDDIN ZAKARIA UNIVERSITY	60800	Multan 	Punjab
BAHAWAL NAGAR GPO	62300	Bahawal Nagar 	Punjab
BAHAWALPUR CANTT	63080	Bahawalpur 	Punjab
BAHAWALPUR GPO	63100	Bahawalpur 	Punjab
BAHAWALPUR INTERMEDIATE SECONDRY BOARD	63170	Bahawalpur 	Punjab
BAHRAIN	19010	Saidu Sharif 	NWFP
BAHRAM	77260	Larkana 	Sindh
BAHRIA TOWN	46220	Rawalpindi 	Punjab
BAHRIA TOWN	53720	Lahore 	Punjab
BAHTAR	43740	Attock 	Punjab
BAISA KALAN	50030	Gujrat 	Punjab
BAITHAK BAZAR	12100	Rawalakot 	Azad Kashmir
BAIZU KHARKI	23090	Mardan 	NWFP
BAKA KHEL	28142	Bannu 	NWFP
BAKHSHALI	23220	Mardan 	NWFP
BAKHSHAN KHAN	62400	Bahawal Nagar 	Punjab
BAKKA KHEL	28480	Bannu 	NWFP
BAKRALA	49260	Jhelum 	Punjab
BAKRANI VILLAGE	77110	Larkana 	Sindh
BALAKOT	21230	Mansehra 	NWFP
BALDHER	22584	Haripur 	NWFP
BALELI	87100	Quetta 	Balochistan
BALI MANG	21080	Mansehra 	NWFP
BALICHA	90350	Turbat 	Balochistan
BALKASAR	48630	Chakwal 	Punjab
BALLOKI	55210	Lahore 	Punjab
BALOCH	12120	Rawalakot 	Azad Kashmir
BALWAL	48130	Talagang 	Punjab
BAMKHEL	23440	Sawabi 	NWFP
BAN	47230	Murree 	Punjab
BANDA	47560	Rawalpindi 	Punjab
BANDA DAUD SHAH	26400	Kohat 	NWFP
BANDA MOHIB	24230	Nowshera 	NWFP
BANDA SHEIKH ISMAIL	24302	Nowshera 	NWFP
BANDHI	67400	Nawabshah 	Sindh
BANDIAL	41310	Khushab 	Punjab
BANGIAL	49330	Jhelum 	Punjab
BANGLA MANTHAR	64410	Rahimyar Khan 	Punjab
BANGLA SADABAD	10050	Bhimber 	Azad Kashmir
BANGUL DERO 	77400	Larkana 	Sindh
BANNA	21032	Mansehra 	NWFP
BANNI	10370	Mirpur 	Azad Kashmir
BANNU AL.MARKAZ ISLAMI	28334	Bannu 	NWFP
BANNU GPO	28100	Bannu 	NWFP
BANSAIR	21050	Mansehra 	NWFP
BARA DARWESH KHELA	19050	Saidu Sharif 	NWFP
BARA FORT	24800	Peshawar 	NWFP
BARA GRAN	49350	Jhelum 	Punjab
BARA KAU	45400	Islamabad 	Federal Capital
BARAGOWAH	49320	Jhelum 	Punjab
BARAL	12030	Rawalakot 	Azad Kashmir
BARAL COLONY	49420	Jhelum 	Punjab
BARAMANGA	51780	Narowal 	Punjab
BARATLA	11032	Kotli 	Azad Kashmir
BARAWAL BANDI	18100	Batkhela HPO	NWFP
BARAZAI	43430	Attock 	Punjab
BARIAN CAMP	47124	Murree 	Punjab
BARIKOT	19240	Saidu Sharif 	NWFP
BARIKOT	12560	Bagh 	Azad Kashmir
BARJAH	10070	Bhimber 	Azad Kashmir
BARKHAN	84400	Loralai 	Balochistan
BARKI	53200	Lahore 	Punjab
BARNALA	10020	Bhimber 	Azad Kashmir
BARNALI	50140	Gujrat 	Punjab
BAROTHA WAPDA COLONY	43660	Attock 	Punjab
BARSALI	10044	Bhimber 	Azad Kashmir
BARSHORE	86800	Quetta 	Balochistan
BARTHI	32124	Dera Ghazi Khan 	Punjab
BASAL	43140	Attock 	Punjab
BASHARAT	48410	Chakwal 	Punjab
BASIMA	94050	Khuzdar 	Balochistan
BASIR PUR	56010	Okara 	Punjab
BASIRA	34300	Muzaffargarh 	Punjab
BASSALI	47650	Rawalpindi 	Punjab
BASTI BUZDAR	32110	Dera Ghazi Khan 	Punjab
BASTI MALANA	32410	Dera Ghazi Khan 	Punjab
BASTI MALOOK	59150	Multan 	Punjab
BATA PUR	53400	Lahore Cantt 	Punjab
BATAMOHRI	21044	Mansehra 	NWFP
BATKHELA GPO	23020	Batkhela HPO	NWFP
BATRASI CAMP	21250	Mansehra 	NWFP
BATTAGRAM	21040	Mansehra 	NWFP
BATTAL	21090	Mansehra 	NWFP
BEGOWALA	51080	Sialkot 	Punjab
BEHAL	30040	Bhakkar 	Punjab
BEHAR COLONY KOTRI	76040	Hyderabad 	Sindh
BEHARI	10534	Mirpur 	Azad Kashmir
BEHBOODI	43414	Attock 	Punjab
BELA	90050	Khuzdar 	Balochistan
BELIAN	21440	Mansehra 	NWFP
BENAHAL PATTAN	47432	Rawalpindi 	Punjab
BER	77220	Larkana 	Sindh
BERANI	68060	Sanghar 	Sindh
BERO CHANDIO	77200	Larkana 	Sindh
BERRARI	65220	Sukkur 	Sindh
BESHAM	20500	Mansehra 	NWFP
BET MIR HAZAR KHAN	34440	Muzaffargarh 	Punjab
BEWAL	47910	Gujar Khan 	Punjab
BHABRA	40470	Sargodha 	Punjab
BHADDAR	50964	Gujrat 	Punjab
BHAG	81250	Sibi 	Balochistan
BHAGOWAL KALAN	50820	Gujrat 	Punjab
BHAGTAN WALA	40280	Sargodha 	Punjab
BHAGWAL	48680	Chakwal 	Punjab
BHAI PHERU	55260	Kasur 	Punjab
BHAIR KALYAL	47790	Gujar Khan 	Punjab
BHAKHRE WALI	50940	Gujrat 	Punjab
BHAKKAR G.P.O.	30000	Bhakkar 	Punjab
BHALAKHAR	47460	Rawalpindi 	Punjab
BHALL	47570	Rawalpindi 	Punjab
BHALLAH	48514	Chakwal 	Punjab
BHALWAL	40410	Sargodha 	Punjab
BHAN SAEEDABAD	76170	Dadu 	Sindh
BHARAT	28310	Bannu 	NWFP
BHARING	10030	Bhimber 	Azad Kashmir
BHARPUR	48540	Chakwal 	Punjab
BHATTI GUJAR	48620	Chakwal 	Punjab
BHAUN	48520	Chakwal 	Punjab
BHAWANA	35350	Jhang 	Punjab
BHAWLAY KHURD	47824	Gujar Khan 	Punjab
BHER KUND	21340	Mansehra 	NWFP
BHERA	40540	Sargodha 	Punjab
BHILOMAR	48290	Talagang 	Punjab
BHIMBER GPO	10040	Bhimber 	Azad Kashmir
BHIN	48750	Chakwal 	Punjab
BHIRIA CITY	67320	Nawabshah 	Sindh
BHIRIA ROAD	67310	Nawabshah 	Sindh
BHIRTH	51250	Sialkot 	Punjab
BHIT SHAH	70140	Hyderabad 	Sindh
BHONG	64384	Rahimyar Khan 	Punjab
BHOPAL WALA	51030	Sialkot 	Punjab
BHORTI	67084	Nawabshah 	Sindh
BHOTA	50960	Gujrat 	Punjab
BHOTH	51260	Sialkot 	Punjab
BHUTTA PUR	34500	Muzaffargarh 	Punjab
BIARI AYUB KHAN	21010	Mansehra 	NWFP
BILAL TOWN	49620	Jhelum 	Punjab
BILALABAD	48140	Talagang 	Punjab
BILLI TANG	26110	Kohat 	NWFP
BILOT	29170	Dera Ismail Khan 	NWFP
BINDI	10090	Bhimber 	Azad Kashmir
BIR	22770	Haripur 	NWFP
BIRAN GALI	22230	Abbottabad 	NWFP
BIRPANI	12510	Bagh 	Azad Kashmir
BISHAN DORE	49250	Jhelum 	Punjab
BOCHAL KALAN	48560	Chakwal 	Punjab
BOHA DHANGRI 	10490	Mirpur 	Azad Kashmir
BOI	22180	Mansehra 	NWFP
BONG COLONY	12010	Kotli 	Azad Kashmir
BOONI	17050	Chitral 	NWFP
BOONI MAIN BAZAR	17054	Chitral 	NWFP
BOOTA	43750	Attock 	Punjab
BOSAL	50486	Mandi Bahauddin 	Punjab
BOSTAN	86500	Quetta 	Balochistan
BOTALA SARDAR JHANDA SINGH	52340	Gujranwala 	Punjab
BOYA	28210	Bannu 	NWFP
BREP	17010	Chitral 	NWFP
BROZ	17230	Chitral 	NWFP
BUBAK	76150	Dadu 	Sindh
BUCHAL KHURD	48580	Chakwal 	Punjab
BUCHARI	67470	Nawabshah 	Sindh 
BUCHEKI	39130	Qila Sheikhupura 	Punjab
BUCHIANA	37260	Faisalabad 	Punjab
BUDHA GORAYA	52356	Gujranwala 	Punjab
BUDHAIR	49410	Jhelum 	Punjab
BUDHIAL	48050	Talagang 	Punjab
BUDHLA SANT	60060	Multan 	Punjab
BUET 	89120	Khuzdar 	Balochistan
BUFFER ZONE (KP-1979) 	75850	Alhydri 	Sindh
BUGHAL CHAR	32310	Dera Ghazi Khan 	Punjab
BUKHTARABAD DOMKI	81150	SIBI 	Balochistan
BULANI	50040	Gujrat 	Punjab
BULEDA	92800	Turbat 	Balochistan
BULLAND HILL	40080	Sargodha 	Punjab
BULRI SHAH KARIM	73020	Hyderabad 	Sindh
BUNJI	14200	Gilgit 	Northern Area
BURCH BASUHA	50970	Gujrat 	Punjab
BUREWALA	61010	Vehari 	Punjab
BUREWALA KATCHEHRY	61040	Vehari 	Punjab
BURHAN	43710	Attock 	Punjab
BURJ MANDI	37730	Faisalabad 	Punjab
BUXAPUR	79190	Jacobabad 	Sindh
BUZDAR	66130	Khairpur  	Sindh
BUZURANG WAL	50930	Gujrat 	Punjab
C.M.A. CANTT. LAHORE	54800	Lahore Cantt 	Punjab
CADIT COLLEGE MUSTUNG	88200	Khuzdar 	Balochistan
CADIT COLLEGE, LARKANA 	77062	Larkana 	SIndh
CANAL COLONY FAROOQ ABAD	39510	Qila Sheikhupura 	Punjab
CH0WK SARWAR SHAHEED	34030	Muzaffargarh 	Punjab
CHABCHHAB	43050	Attock 	Punjab
CHACHAN	12040	Rawalakot 	Azad Kashmir
CHACHRAN SHARIF	64140	Rahimyar Khan 	Punjab
CHACHRO	69170	Mirpur Khas 	Sindh
CHAH MIRAN	54900	Lahore 	Punjab
CHAK	78050	Shikarpur 	Sindh
CHAK 10 M.L.	40530	Sargodha 	Punjab
CHAK 102/P	64220	Rahimyar Khan 	Punjab
CHAK 103 JB	37720	Faisalabad 	Punjab
CHAK 103 RB	37660	Faisalabad 	Punjab
CHAK 111 SB	40260	Sargodha 	Punjab
CHAK 113 GB	37570	Faisalabad 	Punjab
CHAK 117 JB	37600	Faisalabad 	Punjab
CHAK 117/D.B	63230	Bahawalpur 	Punjab
CHAK 117/M	62004	Bahawal Nagar 	Punjab
CHAK 119/13-AL	57340	Sahiwal 	Punjab
CHAK 120/13-AL	57330	Sahiwal 	Punjab
CHAK 120/9-L	57130	Sahiwal 	Punjab
CHAK 128 GB	37220	Faisalabad 	Punjab
CHAK 132/6-R	62070	Bahawal Nagar 	Punjab
CHAK 136/10-R	58220	Khanewal 	Punjab
CHAK 138/10 R	58202	Khanewal 	Punjab
CHAK 145/9-L	57180	Sahiwal 	Punjab
CHAK 159 GB 	36150	T.T Singh 	Punjab
CHAK 16 JB	37740	Faisalabad 	Punjab
CHAK 168/9-L	57230	Sahiwal 	Punjab
CHAK 175 /JB	35310	Jhang 	Punjab
CHAK 189 RB (RASULPUR)	37690	Faisalabad 	Punjab
CHAK 199 RB	37620	Faisalabad 	Punjab
CHAK 203 RB	37610	Faisalabad 	Punjab
CHAK 206 GB	37040	Faisalabad 	Punjab
CHAK 207 GB	37050	Faisalabad 	Punjab
CHAK 227/R-9	62030	Bahawal Nagar 	Punjab
CHAK 248 RB	37420	Faisalabad 	Punjab
CHAK 253 RB	37400	Faisalabad 	Punjab
CHAK 256 GB	36080	T.T Singh 	Punjab
CHAK 257 RB	37410	Faisalabad 	Punjab
CHAK 267 RB	37360	Faisalabad 	Punjab
CHAK 275 J.B	37530	Faisalabad 	Punjab
CHAK 29 S.B.	40310	Sargodha 	Punjab
CHAK 297/HR	62024	Bahawal Nagar 	Punjab
CHAK 316 GB QADIR ABAD	36000	T.T Singh 	Punjab
CHAK 333 GB	36330	T.T Singh 	Punjab
CHAK 34 N.B.	40330	Sargodha 	Punjab
CHAK 353 GB	37224	Faisalabad 	Punjab
CHAK 36 S.B.	40060	Sargodha 	Punjab
CHAK 387 GB	36260	T.T Singh 	Punjab
CHAK 4/DB	42060	Mianwali 	Punjab
CHAK 424/JB	36160	T.T Singh 	Punjab
CHAK 433 GB	37180	Faisalabad 	Punjab
CHAK 447 GB	37130	Faisalabad 	Punjab
CHAK 45 GB	37340	Faisalabad 	Punjab
CHAK 46 S.B.	40050	Sargodha 	Punjab
CHAK 47/T.D.A.	30050	Bhakkar 	Punjab
CHAK 482 GB (JAGRANWAN)	37060	Faisalabad 	Punjab
CHAK 490	35110	Jhang 	Punjab
CHAK 53/2-L	56316	Okara 	Punjab
CHAK 64 S.B	40140	Sargodha 	Punjab
CHAK 66 GB	37230	Faisalabad 	Punjab
CHAK 67 ML	30052	Bhakkar 	Punjab
CHAK 69/4-R	62080	Bahawal Nagar 	Punjab
CHAK 85/6 R (KOT KHADIM ALI SHAH)	57070	Sahiwal 	Punjab
CHAK 86 S.B.	40300	Sargodha 	Punjab
CHAK 88 S.B.	40270	Sargodha 	Punjab
CHAK 90/9-L	57030	Sahiwal 	Punjab
CHAK 90/ML	31000	Layyah 	Punjab
CHAK 91/6-R	57100	Sahiwal 	Punjab
CHAK 98/GB	37290	Faisalabad 	Punjab
CHAK AKKA	49460	Jhelum 	Punjab
CHAK BAQAR SHAH	48860	Chakwal 	Punjab
CHAK BEDI	57440	Sahiwal 	Punjab
CHAK BELI KHAN	47600	Rawalpindi 	Punjab
CHAK BHAUN	48694	Chakwal 	Punjab
CHAK DADAN	28490	Bannu 	NWFP
CHAK DAULAT	49520	Jhelum 	Punjab
CHAK DHAMNI	12380	Rawalakot 	Azad Kashmir
CHAK JANI	49102	Jhelum 	Punjab
CHAK JANO KHURD	50310	Mandi Bahauddin 	Punjab
CHAK JHUMRA	37700	Faisalabad 	Punjab
CHAK KAMALA	50840	Gujrat 	Punjab
CHAK MALOOK	48770	Chakwal 	Punjab
CHAK MUHAMMAD	50120	Gujrat 	Punjab
CHAK NO. 1	50350	Mandi Bahauddin 	Punjab
CHAK NO.270 TDA	31250	Layyah 	Punjab
CHAK NO.279 TDA	31400	Layyah 	Punjab
CHAK NO.73/5-L (MOGHAL)	57430	Sahiwal 	Punjab
CHAK RAM DAS	40520	Sargodha 	Punjab
CHAK SAWARI	10500	Mirpur 	Azad Kashmir
CHAK SHAFI	57150	Sahiwal 	Punjab
CHAK YANI	77320	Larkana 	Sindh
CHAK-186	30004	Bhakkar 	Punjab
CHAK-379/WB	60030	Multan 	Punjab
CHAK-5/11L	57174	Sahiwal 	Punjab
CHAKDARA	18800	Batkhela HPO	NWFP
CHAKIA	21270	Mansehra 	NWFP
CHAKISAR	19090	Saidu Sharif 	NWFP
CHAKLALA AIR FIELD RAWALPINDI	46210	Rawalpindi 	Punjab
CHAKORA	48930	Chakwal 	Punjab
CHAKOTHI	13240	Muzaffarabad 	Azad Kashmir
CHAKRAL	48840	Chakwal 	Punjab
CHAKRALA	42230	Mianwali 	Punjab
CHAKRALI BUDHAL	47476	Rawalpindi 	Punjab
CHAKRI	49730	Jhelum 	Punjab
CHAKRI	47300	Rawalpindi 	Punjab
CHAKWAL G.P.O	48800	Chakwal 	Punjab
CHAL NO.127/EB	57490	Sahiwal 	Punjab
CHALT	15500	Gilgit 	Northern Area
CHAMAN	86000	Quetta 	Balochistan
CHAMANKOT	12630	Bagh 	Azad Kashmir
CHAMATTI	22130	Abbottabad 	NWFP
CHAMBER	70080	Hyderabad 	Sindh
CHAMKANI	24350	Peshawar 	NWFP
CHAMYALI	22160	Abbottabad 	NWFP
CHANDKA MEDICAL COLLEGE LARKANA 	77170	Larkana 	Sindh
CHANDO MAIRA	22540	Abbottabad 	NWFP
CHANG	66300	Khairpur  	Sindh
CHANGA	48240	Talagang 	Punjab
CHANGA BANGIAL	49764	Gujar Khan 	Punjab
CHANGLA GALI 	22320	Abbottabad 	NWFP
CHANI GOTH	63450	Bahawalpur 	Punjab
CHAPRAR	51270	Sialkot 	Punjab
CHAPRI	42110	Mianwali 	Punjab
CHARBAGH	19120	Saidu Sharif 	NWFP
CHARHOI	11250	Kotli 	Azad Kashmir
CHARSADDA GPO	24420	Charsadda 	NWFP
CHASHMA BARRAGE COLONY MIANWALI	42030	Mianwali 	Punjab
CHATAR PLAIN	21070	Mansehra 	NWFP
CHATORE KHAND 	15200	Gilgit 	Northern Area
CHATTAR	80800	Sibi 	Balochistan
CHAUNTRA	47590	Rawalpindi 	Punjab
CHAWINDA	51420	Sialkot 	Punjab
CHAWK AZAM	31450	Layyah 	Punjab
CHECHIAN 	10350	Mirpur 	Azad Kashmir
CHELLIAN WALA	50360	Mandi Bahauddin 	Punjab
CHENAB NAGAR	35460	Jhang 	Punjab
CHENARI	13190	Muzaffarabad 	Azad Kashmir
CHERAT	24280	Nowshera 	NWFP
CHHAB	43270	Attock 	Punjab
CHHANGA MANGA	55200	Kasur 	Punjab
CHHANI REKI	10404	Mirpur 	Azad Kashmir
CHHATTROH	10320	Mirpur 	Azad Kashmir
CHHIDROO	42260	Mianwali 	Punjab
CHHONAWALA	63020	Bahawalpur 	Punjab
CHHOR	69090	Mirpur Khas 	Sindh
CHICHAWATNI	57200	Sahiwal 	Punjab
CHIK BUDHAL	47882	Gujar Khan 	Punjab
CHIKAR	13170	Muzaffarabad 	Azad Kashmir
CHILAM 	14400	Gilgit 	Northern Area
CHILAS (LSG)	14100	Gilgit 	Northern Area
CHINIOT	35400	Jhang 	Punjab
CHINJI	48280	Talagang 	Punjab
CHIRAH	45680	Islamabad 	Federal Capital
CHIRALA	12620	Bagh 	Azad Kashmir
CHISHMA RIGHT BANK CANAL D.I KHAN	29190	Dera Ismail Khan 	NWFP
CHISHTIAN	62350	Bahawal Nagar 	Punjab
CHITRAL GPO	17200	Chitral 	NWFP
CHITTA BATTA	21304	Mansehra 	NWFP
CHITTA MORE	47120	Murree 	Punjab
CHITTER PARI 	10230	Mirpur 	Azad Kashmir
CHOA SAIDAN SHAH	48320	Chakwal 	Punjab
CHOBARA	51450	Sialkot 	Punjab
CHOHA KHALSA	47470	Rawalpindi 	Punjab
CHOHAN	48920	Chakwal 	Punjab
CHOHAN	21062	Mansehra 	NWFP
CHOKARA	27300	Karak 	NWFP
CHOTALA	49710	Jhelum 	Punjab
CHOTI	32380	Dera Ghazi Khan 	Punjab
CHOTTA GALA	12260	Rawalakot 	Azad Kashmir
CHOUBARA	31500	Layyah 	Punjab
CHOUDHWAN	29330	Dera Ismail Khan 	NWFP
CHOWK GIROTE	41024	Khushab 	Punjab
CHOWK METHLA	61172	Vehari 	Punjab
CHOWK PINDORI	47530	Rawalpindi 	Punjab
CHOWKI	10080	Bhimber 	Azad Kashmir
CHOWKI MONG	11190	Kotli 	Azad Kashmir
CHUHANG	53800	Lahore 	Punjab
CHUHAR JAMALI	73070	Hyderabad 	Sindh
CHUND BHARWANA	35500	Jhang 	Punjab
CHUNDIKO	66062	Khairpur 	Sindh
CHUNIAN  	55220	Kasur 	Punjab
CHUPRIAL	19044	Saidu Shairf 	NWFP
CHUTIALI SHAFIR	84100	Loralai 	Balochistan
CLARKABAD	55190	Kasur 	Punjab
CONSOLIDATED SUGAR MILLS RANI PUR	66104	Khairpur  	Sindh
D.G KHAN SECONDARY BOARD	32260	Dera Ghazi Khan 	Punjab
D.G.KHAN CEMENT FACTORY	32250	Dera Ghazi Khan 	Punjab
D.I KHAN POLYTECHNICAL INSTITUTE	29090	Dera Ismail Khan 	NWFP
D.I KHAN AGRICULTURAL RESEARCH CENTER	29120	Dera Ismail Khan 	NWFP
DAB BEGU KHEL	27900	Karak 	NWFP
DAD LAGHARI	65052	Sukkur 	Sindh
DADAR	21160	Mansehra 	NWFP
DADU GPO	76200	Dadu 	Sindh
DADU SUGAR MILL (PIARO GOTH)	76230	Dadu 	Sindh
DADYAL KHURD	10530	Mirpur 	Azad Kashmir
DAGAI BANDA	24200	Nowshera 	NWFP
DAGAR NARI	26410	Kohat 	NWFP
DAGGAR	17290	Mardan 	NWFP
DAGHONI	16750	Skardu HPO	Northern Area
DAHGAL	47310	Rawalpindi 	Punjab
DAHRAN WALA	62380	Bahawal Nagar 	Punjab
DAJAL	33100	Dera Ghazi Khan 	Punjab
DAK ISMAIL KHEL	24260	Nowshera 	NWFP
DAKHAN	78040	Shikarpur 	Sindh
DAKHNAIR	43080	Attock 	Punjab
DALBANDIN	95100	Quetta 	Balochistan
DALIPUR	48312	Chakwal 	Punjab
DALLOWALI	51320	Sialkot 	Punjab
DALOLA	22190	Abbottabad 	NWFP
DALOLA	22190	Mansehra 	NWFP
DALU KHEL	28530	Bannu 	NWFP
DALWAL	48360	Chakwal 	Punjab
DAMORI	19204	Saidu Sharif 	NWFP
DAMSUM	16910	Skardu HPO	Northern Area
DANDA SHAH BALAWAL	48230	Talagang 	Punjab
DANDI SURHALI	48042	Talagang 	Punjab
DANDOT	48310	Chakwal 	Punjab
DANDOT RAILWAY STATION	49064	Jhelum 	Punjab
DANYORE	15110	Gilgit 	Northern Area
DARA ADAM KHEL	26100	Kohat 	NWFP
DARA MANIAL	18400	Batkhela HPO	NWFP
DARA PEZU	28470	Bannu 	NWFP
DARABAN	29310	Dera Ismail Khan 	NWFP
DARAIN	34380	Muzaffargarh 	Punjab
DARASON	17060	Chitral 	NWFP
DARAZINDA	29340	Dera Ismail Khan 	NWFP
DARBAND	21460	Mansehra 	NWFP
DARBELO	67070	Nawabshah 	Sindh
DARGAI	23060	Batkhela HPO	NWFP
DARORA	18150	Batkhela HPO	NWFP
DAROTE	48154	Talagang 	Punjab
DARRO	73040	Hyderabad 	Sindh
DARYA KHAN MARI	67390	Nawabshah 	Sindh
DARYA KHAN RAILWAY STATION	30100	Bhakkar 	Punjab
DASKA	51010	Sialkot 	Punjab
DASSU	20100	Mansehra 	NWFP
DASUHA	37430	Faisalabad 	Punjab
DATA KHEL	28220	Bannu 	NWFP
DATOOT	12440	Rawalakot 	Azad Kashmir
DAUD KHEL	42320	Mianwali 	Punjab
DAUD ZAI	24400	Peshawar 	NWFP
DAULAT NAGAR	50910	Gujrat 	Punjab
DAULATPUR	67190	Nawabshah 	Sindh
DAULTALA	47740	Gujar Khan 	Punjab
DAUR	67410	Nawabshah 	Sindh
DAVLAI	19070	Saidu Sharif 	NWFP
DAWARANDI 	12164	Rawalakot 	Azad Kashmir
DAWOOD ABAD	61050	Vehari 	Punjab
DAWOODPUR	43700	Attock 	Punjab
DEAR MURAD JAMALI	80700	Sibi 	Balochistan
DEH-22 JAMRO	68214	Sanghar 	Sindh
DEPALPUR	56180	Okara 	Punjab
DERA ALLAYYAR	80500	Sibi 	Balochistan
DERA BAKHA	63070	Bahawalpur 	Punjab
DERA BUGTI	80100	Sibi 	Balochistan
DERA DIN PANAH	34010	Muzaffargarh 	Punjab
DERA GHAZI KHAN GPO	32200	Dera Ghazi Khan 	Punjab
DERA ISMAIL KHAN GPO	29050	Dera Ismail Khan 	NWFP
DERA TOWN SHIP	29060	Dera Ismail Khan 	NWFP
DEVAL	23490	Sawabi 	NWFP
DEVI	47784	Gujar Khan 	Punjab
DEVNA MANDI (BASCO)	50600	Gujrat 	Punjab
DEWAL	47194	Murree 	Punjab
DEWALIAN	48820	Chakwal 	Punjab
DEWAN SHARIF GORAH	12060	Rawalakot 	Azad Kashmir
DEWAN SUGAR MILLS THATTA	73052	Hyderabad 	Sindh
DEWAN SULEMAN FAROOQ INDUSTRIAL AREA	22870	Haripur 	NWFP
DHABEJI	73200	Hyderabad 	Sindh
DHADAR	81400	Sibi 	Balochistan
DHADHAR	41122	Khushab 	Punjab
DHAIWAL	49200	Jhelum 	Punjab
DHAKHI	24506	Charsadda 	NWFP
DHAMALI	47450	Rawalpindi 	Punjab
DHAMAWA	10460	Mirpur 	Azad Kashmir
DHAMIAL CAMP RAWALPINDI	46500	Rawalpindi 	Punjab
DHAMTAUR	22200	Abbottabad 	NWFP
DHAMTHAL	51660	Narowal 	Punjab
DHANDA	47240	Murree 	Punjab
DHANDAR KALAN	10038	Bhimber 	Azad Kashmir
DHANOT	59330	Multan 	Punjab
DHARABI	48624	Chakwal 	Punjab
DHARIAL KAHOON	48340	Chakwal 	Punjab
DHARIALA JALAP	49080	Jhelum 	Punjab
DHARIMA	40370	Sargodha 	Punjab
DHARKI	65010	Sukkur 	Sindh
DHARUKNA	48564	Chakwal 	Punjab
DHARYALA SEHGAL	47510	Rawalpindi 	Punjab
DHAULAR	48062	Talagang 	Punjab
DHEEDWAL	48516	Chakwal 	Punjab
DHERI ALLA DHAND	23010	Batkhela HPO	NWFP
DHERI SYDAN	48332	Chakwal 	Punjab
DHERI WATTAN	10042	Bhimber 	Azad Kashmir
DHERMOND	48180	Talagang 	Punjab
DHIBA KAR SIAL	42232	Mianwali 	Punjab
DHIDWAL	48500	Chakwal 	Punjab
DHILL BAGH	35300	Jhang 	Punjab
DHIRKOT	12600	Bagh 	Azad Kashmir
DHIRKOT SATTIAN 	47234	Murree 	Punjab
DHODA	48902	Chakwal 	Punjab
DHODHA SHARIF	50892	Gujrat 	Punjab
DHOK LAHM	43250	Attock 	Punjab
DHOKE BIDDER	49720	Jhelum 	Punjab
DHONG	47770	Gujar Khan 	Punjab
DHONKAL	52010	Gujranwala 	Punjab
DHORIA	50130	Gujrat 	Punjab
DHORO NARO	69070	Mirpur Khas 	Sindh
DHRIKAN KALAN	50450	Mandi Bahauddin 	Punjab
DHUDHI THALL	49000	Jhelum 	Punjab
DHUDIAL (CHAKWAL)	48700	Chakwal 	Punjab
DHUDIAL (MANSEHRA)	21130	Mansehra 	NWFP
DHULLI	48170	Talagang 	Punjab
DHULLI	12570	Bagh 	Azad Kashmir
DHURNAKA	42240	Mianwali 	Punjab
DHURNAL	48210	Talagang 	Punjab
DIAL	49310	Jhelum 	Punjab
DICH KOT	37370	Faisalabad 	Punjab
DIGARI	88150	Quetta 	Balochistan
DIGRI	69330	Mirpur Khas 	Sindh
DILAWAR FARM SARGANA	61202	Vehari 	Punjab
DILBORI	21430	Mansehra 	NWFP
DILLEWALI	42312	Mianwali 	Punjab
DIN PUR	29100	Dera Ismail Khan 	NWFP
DINA	49400	Jhelum 	Punjab
DINGA	50280	Mandi Bahauddin 	Punjab
DIPLO	69280	Mirpur Khas 	Sindh
DIR	18000	Batkhela HPO	NWFP
DIWANI HAZOORI	49240	Jhelum 	Punjab
DOABA	26240	Kohat 	NWFP
DOABA	34382	Muzaffargarh 	Punjab
DOBERAN KALAN	47440	Rawalpindi 	Punjab
DOBIAN	23330	Mardan 	NWFP
DOGAI	23340	Mardan 	NWFP
DOKOTA	61180	Vehari 	Punjab
DOKRI	77060	Larkana 	Sindh
DOMEL	43220	Attock 	Punjab
DOMEL (BANNU)	28010	Bannu 	NWFP
DOMELI	49300	Jhelum 	Punjab
DR.AZIZULLAH SALAKZAI	80310	SIBI 	Balochistan
DRIGH COLONY	75230	Korangi 	Sindh
DROSH	17220	Chitral 	NWFP
DUBB	42012	Mianwali 	Punjab
DUKKI	84200	Loralai 	Balochistan
DULLAN WALA	50210	Gujrat 	Punjab
DULLEWALA	30110	Bhakkar 	Punjab
DULMIAL	48330	Chakwal 	Punjab
DUMMAN	48880	Chakwal 	Punjab
DUNGA BUNGA	62110	Bahawal Nagar 	Punjab
DUNGA GALI	22300	Abbottabad 	NWFP
DUNYA PUR	59120	Bahawalpur 	Punjab
DURNIYAN	47262	Rawalpindi 	Punjab
ELLAHABAD	55230	Kasur 	Punjab
EMIN ABAD	52460	Gujranwala 	Punjab
EMIN ABAD MORE	52450	Gujranwala 	Punjab
EXPORT PROCESSING ZONE (KP-1863)	75150	Korangi 	Sindh
F.S.MILLS GAMBAT	66080	Khairpur  	Sindh
FAISALABAD AMIN PUR BANGLOW	38200	Faisalabad 	Punjab
FAISALABAD BOARD OF EDUCATION	38004	Faisalabad 	Punjab
FAISALABAD G.P.O	38000	Faisalabad 	Punjab
FAISALABAD MADINA TOWN	38860	Faisalabad 	Punjab
FAISALABAD MILLAT COLONY	38080	Faisalabad 	Punjab
FAISALABAD NISHAT ABAD  	38600	Faisalabad 	Punjab
FAISALABAD NOOR PUR	38700	Faisalabad 	Punjab
FAISALABAD PEOPLES COLONY No.2	38090	Faisalabad 	Punjab
FAISALABAD PUNJAB MEDICAL COLLEGE	38800	Faisalabad 	Punjab
FAQIR WALI	62050	Bahawal Nagar 	Punjab
FAREEDABAD	76350	Dadu 	Sindh
FARID NAGAR	57400	Sahiwal 	Punjab
FARID TOWN SAHIWAL	57050	Sahiwal 	Punjab
FAROOKA	40040	Sargodha 	Punjab
FAROOQABAD	39520	Qila Sheikhupura 	Punjab
FAROOQABAD MANDI	39500	Qila Sheikhupura 	Punjab
FATEH GARH	51350	Sialkot 	Punjab
FATEH JANG	43350	Attock 	Punjab
FATEH PUR	31050	Layyah 	Punjab
FATEH PUR	50900	Gujrat 	Punjab
FATEHPUR	19030	Saidu Sharif 	NWFP
FAUJI SUGAR MILLS KHOSKI	72260	Hyderabad 	Sindh
FAZAL GARH 	34130	Muzaffargarh 	Punjab
FAZAL NAGAR	34210	Muzaffargarh 	Punjab
FEROZ SONS NOWSHERA	24160	Nowshera 	NWFP
FEROZA	64070	Rahimyar Khan 	Punjab
FEROZEPUR ROAD LAHORE	54600	Lahore Cantt 	Punjab
FERTILIZER FACTORY DHARKI	65020	Sukkur 	Sindh
FILTER PLANT GHARO	73220	Hyderabad 	Sindh
FORT ABBAS	62020	Bahawal Nagar 	Punjab
FORT IQBAL GARH	29150	Dera Ismail Khan 	NWFP
FORT MOROT	62000	Bahawal Nagar 	Punjab
FORT MUNROO	32320	Dera Ghazi Khan 	Punjab
FURMALI	43540	Attock 	Punjab
GADANI	90300	Khuzdar 	Balochistan
GADOON AMAZAI	23454	Sawabi 	NWFP
GAGGO	61000	Vehari 	Punjab
GAGGON	43330	Attock 	Punjab
GAHKOOCH	15200	Gilgit 	Northern Area
GAJI KHUHAWAR	77030	Larkana 	Sindh
GALA KANIYATA	12150	Rawalakot 	Azad Kashmir
GALAY WALA	60010	Multan 	Punjab
GAMANG	22170	Abbottabad 	NWFP
GAMBAT	66070	Khairpur  	Sindh
GAMBEER	22370	Abbottabad 	NWFP
GAMSEER	23040	Batkhela 	NWFP
GANDA KAS	43370	Attock 	Punjab
GANDA SINGH WALA	55100	Kasur 	Punjab
GANDAF	23480	Sawabi 	NWFP
GANDAKHA	80400	Sibi 	Balochistan
GANDAWA	81050	Sibi 	Balochistan
GANGA PUR	37280	Faisalabad 	Punjab
GARAHI DUPATTA	13150	Muzaffarabad 	Azad Kashmir
GARAM CHASHMA	17130	Chitral 	NWFP
GARELO	77120	Larkana 	Sindh
GARH	37110	Faisalabad 	Punjab
GARH MAHA RAJA	35080	Jhang 	Punjab
GARH MAHAL	49360	Jhelum 	Punjab
GARHA MORE	61150	Vehari 	Punjab
GARHI KAPURA	23310	Mardan 	NWFP
GARHI KHAIRO	79050	Jacobabad 	Sindh
GARHO	73242	Hyderabad 	Sindh
GARI YASIN	78150	Shikarpur 	Sindh
GARMANARA	23550	Sawabi 	NWFP
GAS TARBINE POWER MUZAFFARGARH	34060	Muzaffargarh 	Punjab
GATAL	48220	Talagang 	Punjab
GATHER	77212	Larkana 	Sindh
GAWADAR	91200	Turbat 	Balochistan
GENERAL HEAD QUARTER RAWALPINDI	46100	Rawalpindi 	Punjab
GHAKHAR	52200	Gujranwala 	Punjab
GHALEGI	19230	Saidu Sharif 	NWFP
GHALNAI	24650	Charsadda 	NWFP
GHARGOCHHO	67360	Nawabshah 	Sindh
GHARI HABIBULLAH	21240	Mansehra 	NWFP
GHARI KHUDA BUX BHUTTO	77340	Larkana 	Sindh
GHARIAI	47184	Murree 	Punjab
GHARIBABAD	23166	Mardan 	NWFP
GHARIBWAL CEMENT	49090	Jhelum 	Punjab
GHARO	73210	Hyderabad 	Sindh
GHARTAL	51090	Sialkot 	Punjab
GHAZI	22860	Haripur 	NWFP
GHAZI ABAD	48808	Chakwal 	Punjab
GHAZI ABAD	57210	Sahiwal 	Punjab
GHAZIAL	48904	Chakwal 	Punjab
GHAZNI KHEL	28450	Bannu 	NWFP
GHORA GALI	47110	Murree 	Punjab
GHORI WALA	28330	Bannu 	NWFP
GHORIKOT	14350	Gilgit 	Northern Area
GHOTKI	65110	Sukkur 	Sindh
GHOUS PUR	79180	Jacobabad 	Sindh
GHULAM ISHAQ KHAN INSTITUTE	23640	Mardan 	NWFP
GHULAM KHAN DHANI	79130	Jacobabad 	Sindh
GHULAM MUHAMMAD ABAD	38900	Faisalabad 	Punjab
GHUNDI	42302	Mianwali 	Punjab
GHUNDI MIR KHAN	27220	Kohat 	NWFP
GHUNIKE	51040	Sialkot 	Punjab
GIDDU BARRAGE	79220	Jacobabad 	Sindh
GIL ACRI	36270	T.T Singh 	Punjab
GILGIT GPO	15100	Gilgit 	Northern Area
GIROTE	41020	Khushab 	Punjab
GOGERA	56200	Okara 	Punjab
GOHADAPUR	51360	Sialkot 	Punjab
GOHKEER	17070	Mardan 	NWFP
GOJRA	50500	Mandi Bahauddin 	Punjab
GOJRA	36120	T.T Singh 	Punjab
GOLRA	45200	Islamabad 	Federal Capital
GOMA	16920	Skardu HPO	Northern Area
GOMAL BAZAR	29410	Tank 	NWFP
GOMAL UNIVERSITY NEW CAMPUS	29220	Dera Ismail Khan 	NWFP
GONDAL	51370	Sialkot 	Punjab
GONDAL (SARGODHA)	40216	Sargodha 	Punjab
GONDALAN WALA	52310	Gujranwala 	Punjab
GOTH CHAUDHARY SHAH NAWAZ	67220	Nawabshah 	Sindh
GOTH SHAHNAWAZ	70030	Hyderabad 	Sindh
GOTRIALA	50182	Gujrat 	Punjab
GUDWALIAN	22830	Haripur 	NWFP
GUJAR GARHI	23170	Mardan 	NWFP
GUJAR KHAN G.P.O.	47850	Gujar Khan 	Punjab
GUJRANWALA ANWAR INDUSTRIES	52300	Gujranwala 	Punjab
GUJRANWALA CANTT	52230	Gujranwala 	Punjab
GUJRANWALA CLIMAX ABAD	52290	Gujranwala 	Punjab
GUJRANWALA G.P.O.	52250	Gujranwala 	Punjab
GUJRANWALA PEOPLES COLONY	52260	Gujranwala 	Punjab
GUJRANWALA SECONDARY BOARD	52256	Gujranwala 	Punjab
GUJRAT (MARDAN)	23350	Mardan 	NWFP
GUJRAT (MUZAFFARGARH)	34120	Muzaffargarh 	Punjab
GUJRAT G.P.O.	50700	Gujrat 	Punjab
GUJRI	68120	Sanghar 	Sindh
GUL IMAM	29420	Tank 	NWFP
GULABPUR	16310	Skardu HPO	Northern Area
GULBERG COLONY 	54660	Lahore Cantt 	Punjab
GULEHRA GALI	47220	Murree 	Punjab
GULGASHT COLONY	60700	Multan 	Punjab
GULIANA	50160	Gujrat 	Punjab
GULMIT	15100	Gilgit 	Northern Area
GULPUR	11030	Kotli 	Azad Kashmir
GULYANA	47880	Gujar Khan 	Punjab
GUNNI MALNI	11150	Kotli 	Azad Kashmir
GUPCHANI	67510	Nawabshah 	Sindh 
GUPIS	15300	Gilgit 	Northern Area
GURGUSHTI	43410	Attock 	Punjab
HABERI	67420	Nawabshah 	Sindh
HABIB ABAD	26060	Kohat 	NWFP
HADALI	41210	Khushab 	Punjab
HADOWALI	43040	Attock 	Punjab
HAFIZ ABAD	52110	Gujranwala 	Punjab
HAIDERABAD (BHAKKAR)	30030	Bhakkar 	Punjab
HAJEERA	12160	Rawalakot 	Azad Kashmir
HAJI ABAD	21100	Mansehra 	NWFP
HAJI SHAHER	81300	Sibi 	Balochistan
HAJIWALA	50890	Gujrat 	Punjab
HALA	70120	Hyderabad 	Sindh
HALA OLD	70130	Hyderabad 	Sindh
HALLI	22580	Abbottabad 	NWFP
HAMEED	43470	Attock 	Punjab
HANESAR	47340	Rawalpindi 	Punjab
HANGU	26190	Kohat 	NWFP
HANGU POLICE TRAINING SCHOOL	26180	Kohat 	NWFP
HANUMAN GARH	58110	Khanewal 	Punjab
HARAKA	47652	Rawalpindi 	Punjab
HARAN PUR	49050	Jhelum 	Punjab
HARAPPA CITY	57170	Sahiwal 	Punjab
HARAPPA RAILWAY STATION	57160	Sahiwal 	Punjab
HARBANS PURA	54850	Lahore Cantt 	Punjab
HARI CHAND	24520	Charsadda 	NWFP
HARICHIN	17030	Chitral 	NWFP
HARIGHEL	12480	Bagh 	Azad Kashmir
HARIPUR CENTRAL JAIL	22640	Haripur 	NWFP
HARIPUR 	22620	Haripur 	NWFP
HARIPUR TELEPHONE FACTORY	22630	Haripur 	NWFP
HARNAI	82300	Sibi 	Balochistan
HARNOLI	42020	Mianwali 	Punjab
HAROON ABAD	62100	Bahawal Nagar 	Punjab
HASAN ABDAL	43730	Attock 	Punjab
HASHIMABAD	73150	Hyderabad 	Sindh
HASIL	48740	Chakwal 	Punjab
HASIL PUR MANDI	63000	Bahawalpur 	Punjab
HASLANWALA	50290	Mandi Bahauddin 	Punjab
HATHEJI	63320	Bahawalpur 	Punjab
HATHIAN	23120	Mardan 	NWFP
HATHUNGO	68350	Sanghar 	Sindh
HATTAR	43394	Attock 	Punjab
HATTAR INDUSTRIAL ESTATE	22610	Haripur 	NWFP
HATTIAN	43580	Attock 	Punjab
HATTIAN BALA	13180	Muzaffarabad 	Azad Kashmir
HAVELI BAHADUR SHAH	35150	Jhang 	Punjab
HAVELI LAKKHA	56020	Okara 	Punjab
HAVELIAN	22500	Abbottabad 	NWFP
HAVELIAN AMMUNATION DEPOT 	22520	Abbottabad 	NWFP
HAYATABAD  (PHASE-I)	25100	Peshawar 	NWFP
HAYATABAD PHASE-II	25124	Peshawar 	NWFP
HAYDER JATOI	77100	Larkana 	Sindh
HAZAR GANGI	87320	Quetta 	Balochistan
HAZARA UNIVERSITY	21120	Haripur 	NWFP
HAZOORPUR	40542	Sargodha 	Punjab
HAZRO	43440	Attock 	Punjab
HEAD RAJKAN	63236	Bahawalpur 	Punjab
HEAVY MECHANICAL COMPLEX TAXILA	47050	Wah Cantt. 	Punjab
HELAN	50440	Mandi Bahauddin 	Punjab
HERDOGHER	45800	Islamabad 	Federal Capital
HINGORAJA	66190	Khairpur  	Sindh
HODIGRAM	19220	Saidu Sharif 	NWFP
HUB CHOWKI	90250	Khuzdar 	Balochistan
HUJJAN	40560	Sargodha 	Punjab
HUJRA	56170	Okara 	Punjab
HURNAMAIRA	12410	Rawalakot 	Azad Kashmir
HURRAM ZAI	86710	Quetta 	Balochistan
HUSRI	70210	Hyderabad 	Sindh
HUSSAIN ABAD	41010	Khushab 	Punjab
HUSSAIN KOT	12270	Rawalkot 	Azad Kashmir
HUSSAINABAD	28108	Bannu 	NWFP
HUSSAINABAD	16250	Skardu HPO	Northern Area
HYDERABAD CANTT.	71110	Hyderabad 	Sindh
HYDERABAD CITY	71500	Hyderabad 	Sindh
HYDERABAD GPO	71000	Hyderabad 	Sindh
HYDERABAD TOWN SARGODHA	40340	Sargodha 	Punjab
HYSONS SUGAR MILLS JETHA BHUTTA	64080	Rahimyar Khan 	Punjab
IKHLAS	43240	Attock 	Punjab
IKHLASPUR	51830	Narowal 	Punjab
INDUSTRIAL ESTATE	60900	Multan 	Punjab
INFANTORY SCHOOL	87750	Quetta 	Balochistan
INJRA 	43020	Attock 	Punjab
INZAR BANDA	27500	Karak 	NWFP
IQBAL NAGAR	57350	Sahiwal 	Punjab
IQBALABAD	64310	Rahimyar Khan 	Punjab
ISA KHEL	42430	Mianwali 	Punjab
ISA KHEL	28424	Bannu 	NWFP
ISKANDAR ABAD	42340	Mianwali 	Punjab
ISLAM KOT	69240	Mirpur Khas 	Sindh
ISLAMABAD AIWAN-E-SADDAR	44040	Islamabad 	Federal Capital
ISLAMABAD ALLAMA IQBAL OPEN UNIVERSITY 	44310	Islamabad 	Federal Capital
ISLAMABAD B-BLOCK PAK SECTT.	44020	Islamabad 	Federal Capital
ISLAMABAD CABINET BLOCK 	44030	Islamabad 	Federal Capital
ISLAMABAD E-9 (AIR HQ)	44230	Islamabad 	Federal Capital
ISLAMABAD F-7 MARKAZ  	44210	Islamabad 	Federal Capital
ISLAMABAD F-8 MARKAZ 	44220	Islamabad 	Federal Capital
ISLAMABAD FEDERAL BOARD 	44320	Islamabad 	Federal Capital
ISLAMABAD G.P.O	44000	Islamabad 	Federal Capital
ISLAMABAD G-10 MARKAZ 	44100	Islamabad 	Federal Capital
ISLAMABAD G-5 FOREIGN OFFICE	44050	Islamabad 	Federal Capital
ISLAMABAD G-8/MARKAZ	44080	Islamabad 	Federal Capital
ISLAMABAD G-9/MARKAZ	44090	Islamabad 	Federal Capital
ISLAMABAD HAJJ COMPLEX	45210	Islamabad 	Federal Capital
ISLAMABAD I-10/MARKAZ	44800	Islamabad 	Federal Capital
ISLAMABAD I-8/4	44790	Islamabad 	Federal Capital
ISLAMABAD NATIONAL HEALTH LABORATIORIES	45500	Islamabad 	Federal Capital
ISLAMABAD PRIMR MINISTER SECTT.	44010	Islamabad 	Federal Capital
ISLAMABAD QUIAID-E-AZAM UNIVERSITY	45320	Islamabad 	Federal Capital
ISMAILA	23400	Mardan 	NWFP
ISMAILABAD	59200	Multan 	Punjab
JABBAR DARVESH	47660	Rawalpindi 	Punjab
JABBI	41220	Khushab 	Punjab
JABBI SHAH DILAWAR	48020	Talagang 	Punjab
JABOKA	56290	Okara 	Punjab
JABORI	21170	Mansehra 	NWFP
JACOBABAD GPO	79000	Jacobabad 	Sindh
JAGLOT TANGIR	14150	Gilgit 	Northern Area
JAHANIA	58200	Khanewal 	Punjab
JAHLAR	41170	Khushab 	Punjab
JAKHAR	36390	T.T Singh 	Punjab
JALAL PUR JATTAN	50780	Gujrat 	Punjab
JALAL PUR SHARIF	49120	Jhelum 	Punjab
JALALA	23150	Mardan 	NWFP
JALALIA	43400	Attock 	Punjab
JALALPUR NAU	52170	Gujranwala 	Punjab
JALALPUR PIRWALA	59250	Multan 	Punjab
JALBAI	23600	Sawabi 	NWFP
JALBANI 	32420	Dera Ghazi Khan 	Punjab
JALIL TOWN	52302	Gujranwala 	Punjab
JALLA JIM	61230	Vehari 	Punjab
JALLO	53500	Lahore 	Punjab
JALLOZAI	24240	Nowshera 	NWFP
JALSAI	23580	Sawabi 	NWFP
JALWAL	43112	Attock 	Punjab
JAM NAWAZ ALI	68070	Sanghar 	Sindh
JAM PUR	33000	Dera Ghazi Khan 	Punjab
JAM SAHIB	67500	Nawabshah 	Sindh
JAMAL DIN WALI	64370	Rahimyar Khan 	Punjab
JAMAL GARHI	23230	Mardan 	NWFP
JAMALI	41280	Khushab 	Punjab
JAMALPUR	63050	Bahawalpur 	Punjab
JAMARGHAL	49750	Jhelum 	Punjab
JAMBER KALAN	55250	Kasur 	Punjab
JAMIA ASHRAFIA	35360	Jhang 	Punjab
JAMKI	51020	Sialkot 	Punjab
JAMMU KASHMIR MUHAJIR COLONY	49480	Jhelum 	Punjab
JAMRUD	24730	Peshawar 	NWFP
JAND	43100	Attock 	Punjab
JAND (CHAKWAL)	48940	Chakwal 	Punjab
JAND MEHLOO	47970	Gujar Khan 	Punjab
JANDALA	49340	Jhelum 	Punjab
JANDAN WALA	30150	Bhakkar 	Punjab
JANDOLA	29470	Tank 	NWFP
JANG SHAHI	73110	Hyderabad 	Sindh
JANI WALA	36100	T.T Singh 	Punjab
JARANWALA	37250	Faisalabad 	Punjab
JARMOT KALAN	47990	Gujar Khan 	Punjab
JARRAL	22760	Abbottabad 	NWFP
JARWAR	65060	Sukkur 	Sindh
JASIAL	48072	Talagang 	Punjab
JASSAR	51750	Narowal 	Punjab
JATHEKI	51100	Sialkot 	Punjab
JATI	73060	Hyderabad 	Sindh
JATLI	47780	Gujar Khan 	Punjab
JATLI (AK)	10380	Mirpur 	Azad Kashmir
JATOI	34430	Muzaffargarh 	Punjab
JATTI DHERI	10480	Mirpur 	Azad Kashmir
JAUHAR ABAD	41200	Khushab 	Punjab
JAURAH	50250	Gujrat 	Punjab
JAVED NAGAR	59050	Multan 	Punjab
JEHAN GIRA	23620	Sawabi 	NWFP
JEWAR	19260	Mardan 	NWFP
JEWRA	47420	Rawalpindi 	Punjab
JHAL MAGSI	81100	Sibi 	Balochistan
JHALLAN	52120	Gujranwala 	Punjab
JHAMAT	43070	Attock 	Punjab
JHAMRAH	48550	Chakwal 	Punjab
JHANG GPO	35200	Jhang 	Punjab
JHANGI	22050	Abbottabad 	NWFP
JHATLA	48260	Chakwal 	Punjab
JHATTA HATHIAL	47550	Rawalpindi 	Punjab
JHAWRIAN	40350	Sargodha 	Punjab
JHELUM G.P.O.	49600	Jhelum 	Punjab
JHIKA GALI	47180	Murree 	Punjab
JHIMPIR R.S.	73100	Hyderabad 	Sindh
JHOK SHARIF	73010	Hyderabad 	Sindh
JHOKE UTRA	32430	Dera Ghazi Khan 	Punjab
JHOL	68230	Sanghar 	Sindh
JHUDO	69310	Mirpur Khas 	Sindh
JIWANI	91100	Turbat 	Balochistan
JOHI	76190	Dadu 	Sindh
JOKALIAN	50660	Gujrat 	Punjab
JUMAN SHAH	31600	Layyah 	Punjab
JUNEJO MODEL FORM FARM	68300	Sanghar 	Sindh
JUTIAL 	15150	Gilgit 	Northern Area
KABAL	19060	Saidu Sharif 	NWFP
KABIR WALA	58250	Khanewal 	Punjab
KACHA KHUH	58100	Khanewal 	Punjab
KACHAMALI KHEL	29184	Dera Ismail Khan 	NWFP
KACHI PAIND KHAN	29130	Dera Ismail Khan 	NWFP
KACHURA	16150	Skardu HPO	Northern Area
KADHALA	10034	Bhimber 	Azad Kashmir
KADIRPUR RAWAN	59000	Multan 	Punjab
KAGHAN	21210	Mansehra 	NWFP
KAGHUZAI	17120	Chitral 	NWFP
KAHI	26220	Kohat 	NWFP
KAHNA NAU	53100	Lahore Cantt 	Punjab
KAHROR PAKKA	59340	Bahawalpur 	Punjab
KAHURI	13200	Muzaffarabad 	Azad Kashmir
KAHUTA	47330	Rawalpindi 	Punjab
KAHUTI BAZAR	47266	Rawalpindi 	Punjab
KAKI NAO	35060	Jhang 	Punjab
KAKKI	28320	Bannu 	NWFP
KAKOTRI	22750	Haripur 	NWFP
KAKRALA	49326	Jhelum 	Punjab
KAKRALI	50980	Gujrat 	Punjab
KAKUL	22070	Abbottabad 	NWFP
KALA	32160	Dera Ghazi Khan 	Punjab
KALA	49500	Jhelum 	Punjab
KALA BAGH (HAZARA)	22270	Abbottabad 	NWFP
KALA DAB	11260	Kotli 	Azad Kashmir
KALA GUJRAN	49490	Jhelum 	Punjab
KALABAGH	42360	Mianwali 	Punjab
KALABAT	23520	Sawabi 	NWFP
KALAN BASAND	47274	Rawalpindi 	Punjab
KALANGAR	22810	Haripur 	NWFP
KALAR KAHAR	48530	Chakwal 	Punjab
KALAS WALA	51530	Sialkot 	Punjab
KALASKEY	52074	Gujranwala 	Punjab
KALAT	88300	Khuzdar 	Balochistan
KALATUK	92400	Turbat 	Balochistan
KALEKE	52150	Gujranwala 	Punjab
KALHORA	67350	Nawabshah 	Sindh
KALIAM AWAN	47680	Gujar Khan 	Punjab
KALLAR SAYYDAN	47520	Rawalpindi 	Punjab
KALLAS SHARIF	40290	Sargodha 	Punjab
KALLOR	42208	Mianwali 	Punjab
KALLUR KOT 	30140	Bhakkar 	Punjab
KALRI	42220	Mianwali 	Punjab
KALU KHAN	23410	Mardan 	NWFP
KALWAN	89300	Turbat 	Balochistan
KAMALIA	36350	T.T Singh 	Punjab
KAMALIA SUGAR MILLS 	36380	T.T Singh 	Punjab
KAMALPUR MUSA	43442	Attock 	Punjab
KAMAR MASHANI	42400	Mianwali 	Punjab
KAMBAR	77210	Larkana 	Sindh
KAMO KE	52470	Gujranwala 	Punjab
KAMRAN KALAY	24424	Charsadda 	NWFP
KAMRIAL	43360	Attock 	Punjab
KANA	19080	Saidu Sharif 	NWFP
KANDAN	40620	Sargodha 	Punjab
KANDHKOT	79160	Jacobabad 	Sindh
KANDIARI	68310	Sanghar 	Sindh
KANDIRA	65300	Sukkur 	Sindh
KANGANPUR	55000	Kasur 	Punjab
KANGRA	24620	Charsadda 	NWFP
KANGRA TOWNSHIP	22680	Haripur 	NWFP
KANI	43002	Attock 	Punjab
KANJRUR	51760	Narowal 	Punjab
KANJUR	43364	Attock 	Punjab
KANJWANI	37100	Faisalabad 	Punjab
KANYAT KHALIL	47730	Gujar Khan 	Punjab
KAPUROWALI	51150	Sialkot 	Punjab
KARACHI AIRPORT	75200	Korangi 	Sindh
KARACHI ALHYDRI GPO	74700	Alhydri 	Sindh
KARACHI BALDIA TOWN	75760	Alhydri 	Sindh
KARACHI BOARD OF SECONDARY EDUCATION	75990	Alhydri 	Sindh
KARACHI CANTT. 	75530	Karachi Saddar 	Sindh
KARACHI CITY G.P.O.	74000	Karachi City 	Sindh
KARACHI CLIFTON	75600	Karachi 	Sindh 
KARACHI DARUL ULOOM (KP-683)	75180	Korangi 	Sindh
KARACHI DEFENCE HOUSING SOCIETY	75500	Karachi Saddar 	Sindh
KARACHI FEDERAL B AREA	75950	New Town 	Sindh
KARACHI G.P.O.	74200	Karachi 	Sindh
KARACHI GOVERNOR HOUSE	75580	Karachi 	Sindh
KARACHI GULISTAN-E-JOUHAR (KP-2023) 	75290	New Town 	Sindh
KARACHI GULSHAN-E-IQBAL 	75300	New Town 	Sindh
KARACHI GULSHAN-E-JAMAL 	75260	New Town 	Sindh
KARACHI GULZAR-E-HIJRI	75330	New Town 	Sindh
KARACHI HABIB BANK	75650	Karachi City 	Sindh
KARACHI HOTEL METROPOLE	75520	Karachi 	Sindh
KARACHI I.T.E	75700	Alhydri 	Sindh
KARACHI J.P.M.C	75510	Karachi Saddar 	Sindh
KARACHI LIAQATABAD	75900	Alhydri 	Sindh
KARACHI LYARI	75660	Karachi City 	Sindh
KARACHI MANGHOPIR	75890	Alhydri 	Sindh
KARACHI MAURIPUR AF	75750	Karachi City 	Sindh
KARACHI MAURIPUR CE	75780	Karachi City 	Sindh
KARACHI METROVILLE	75840	Alhydri 	Sindh
KARACHI MOSAMIAT CHOWRANGI	75280	New Town 	Sindh
KARACHI NAZIMABAD 	74600	Alhydri 	Sindh
KARACHI NEW SABZI MANDI	75340	New Town 	Sindh
KARACHI NISHTAR ROAD	75550	New Town 	Sindh
KARACHI P.E.C.H.S BI-2	75400	New Town 	Sindh
KARACHI P.N.A.D.	75790	Alhydri 	Sindh
KARACHI SADDAR G.P.O.	74400	Karachi Saddar 	Sindh
KARACHI SHAHRA-E-FAISAL	75350	New Town 	Sindh
KARACHI SHER SHAH COLONY	75730	Karachi City 	Sindh
KARACHI UNIVERSITY 	75270	New Town 	Sindh
KARAK GPO	27200	Karak 	NWFP
KARAKH	89350	Khuzdar 	Balochistan
KARAM PUR	78220	Shikarpur 	Sindh
KARAMPUR	61220	Vehari 	Punjab
KARARIWALA KALAN	50270	Gujrat 	Punjab
KARIANWALA	50830	Gujrat 	Punjab
KARIM ABAD	31660	Layyah 	Punjab
KARIMABAD	15700	Gilgit 	Northern Area
KARIO GHANWAR	72020	Hyderabad 	Sindh
KARNAH	13220	Muzaffarabad 	Azad Kashmir
KAROR	31100	Layyah 	Punjab
KARRIALA	48510	Chakwal 	Punjab
KARULI	48554	Chakwal 	Punjab
KASHMIRI BAZAR	47190	Murree 	Punjab
KASHMOR COLONY	79210	Jacobabad 	Sindh
KASHMORE	79200	Jacobabad 	Sindh
KASSOKI	52140	Gujranwala 	Punjab
KASSOWAL	57300	Sahiwal 	Punjab
KASUR G.P.O	55050	Kasur 	Punjab
KATAGARI	93200	Turbat 	Balochistan
KATHA DILAWAR KHAN	10550	Mirpur 	Azad Kashmir
KATHIALA SHEIKHAN	50480	Mandi Bahauddin 	Punjab
KATLANG	23240	Mardan 	NWFP
KAWANKH	50880	Gujrat 	Punjab
KAZIAN	47960	Gujar Khan 	Punjab
KEHRORE	47280	Rawalpindi 	Punjab
KEMARI	75620	Karachi 	Sindh
KHABBEKKI	41120	Khushab 	Punjab
KHADAR KHAN KHEL	28020	Bannu 	NWFP
KHADHAN	72270	Hyderabad 	Sindh
KHADIMABAD 	10310	Mirpur 	Azad Kashmir
KHADRIALA	50006	Gujrat 	Punjab
KHADRO	68210	Sanghar 	Sindh
KHAIGALA	12250	Rawalakot 	Azad Kashmir
KHAIR ABAD	24000	Nowshera 	NWFP
KHAIR PUR GPO	66020	Khairpur 	Sindh
KHAIRA GALI	22330	Abbottabad 	NWFP
KHAIRPUR (CHAKWAL)	48380	Chakwal 	Punjab
KHAIRPUR JOSO	77240	Larkana 	Sindh
KHAIRPUR NATHAN SHAH	76260	Dadu 	Sindh
KHAIRPUR SADAT	34470	Muzaffargarh 	Punjab
KHAIRPUR TAMIWALI	63060	Bahawalpur 	Punjab
KHAKI	21350	Mansehra 	NWFP
KHALABAT TOWNSHIP	22800	Haripur 	NWFP
KHALAS PUR	49740	Jhelum 	Punjab
KHALL	18250	Batkhela HPO	NWFP
KHALOL	47410	Rawalpindi 	Punjab
KHAMBARA	65034	Sukkur 	Sindh
KHAN BELA	59260	Multan 	Punjab
KHAN BELA	64040	Rahimyar Khan 	Punjab
KHAN GAH DOGRAN	39560	Qila Sheikhupura 	Punjab
KHAN GARH	34350	Muzaffargarh 	Punjab
KHAN PUR	64100	Rahimyar Khan 	Punjab
KHAN PUR (CHAKWAL)	48870	Chakwal 	Punjab
KHAN PUR (SHIKARPUR)	78200	Shikarpur 	Sindh
KHAN PUR SYEDAN	51460	Sialkot 	Punjab
KHAN WAHAN	67030	Nawabshah 	Sindh
KHANEWAL AMMUNITION DEPOT	58120	Khanewal 	Punjab
KHANEWAL GPO	58150	Khanewal 	Punjab
KHANKI	52050	Gujranwala 	Punjab
KHANOZAI	86600	Quetta 	Balochistan
KHANPUR (HAZARA)	22650	Haripur 	NWFP
KHANPUR JUNEJO	76264	Dadu 	Sindh
KHANPUR MAHAR	65070	Sukkur 	Sindh
KHANPUR SHUMALI	34550	Muzaffargarh 	Punjab
KHANQAH MUBARIK	63270	Bahawalpur 	Punjab
KHAPLU	16800	Skardu HPO	Northern Area
KHAR (BAJAUR AGENCY)	18650	Batkhela HPO	NWFP
KHARAL ABBASIAN	12520	Bagh 	Azad Kashmir
KHARAN	94100	Quetta 	Balochistan
KHARIAN CANTT	50070	Gujrat 	Punjab
KHARIAN CITY	50090	Gujrat 	Punjab
KHAROTA SYEDAN	51240	Sialkot 	Punjab
KHAUR	43380	Attock 	Punjab
KHAUR VILLAGE	43382	Attock 	Punjab
KHAWAZA KHELA	19110	Saidu Sharif 	NWFP
KHESHKI PAYAN	24120	Nowshera 	NWFP
KHEWRA	49060	Jhelum 	Punjab
KHICHI WALA	62040	Bahawal Nagar 	Punjab
KHINGAR MAMDAL	47994	Gujar Khan 	Punjab
KHIPRO	68330	Sanghar 	Sindh
KHOHAR	50050	Gujrat 	Punjab
KHOKHAR GHARBI	50610	Gujrat 	Punjab
KHOKRAPAR	69120	Mirpur Khas 	Sindh
KHORI ALAM	50286	Mandi Bahauddin 	Punjab
KHOST	82310	SIBI 	Balochistan
KHUDA KI BASTI	76340	Hyderabad 	Sindh
KHUDIAN	55030	Kasur 	Punjab
KHUI RATTA (A.K)	11200	Kotli 	Azad Kashmir
KHUKHA	49380	Jhelum 	Punjab
KHUNDA	43300	Attock 	Punjab
KHUNDA	23560	Sawabi 	NWFP
KHURA	41022	Khushab 	Punjab
KHURRA	66090	Khairpur  	Sindh
KHURRIAN WALA	37630	Faisalabad 	Punjab
KHUSHAB ATOMIC ENERGY COMMISSION	41264	Khushab 	Punjab
KHUSHAB G.P.O.	41000	Khushab 	Punjab
KHUZDAR CANTT.	89150	Khuzdar 	Balochistan
KHUZDAR G.P.O.	89100	Khuzdar 	Balochistan
KHYABAN-E-SARWAR	32210	Dera Ghazi Khan 	Punjab
KILA SOBHA SINGH	51540	Narowal 	Punjab
KILLA ABADULLLAH	86200	Quetta 	Balochistan
KILLA SAIFULLAH	85400	Loralai 	Balochistan
KILLI ABDUR REHMAN ZAI	86410	Quetta 	Balochistan
KILLI VERCHOOM	86650	Quetta 	Balochistan
KINGER	47930	Gujar Khan 	Punjab
KINJHAR LAKE	73120	Hyderabad 	Sindh
KIRANA HILL	40250	Sargodha 	Punjab
KIRI SHAMOZAI	29240	Dera Ismail Khan 	NWFP
KIRIS	16700	Skardu HPO	Northern Area
KIRRI KHAISOR	29180	Dera Ismail Khan 	NWFP
KISRAN	43200	Attock 	Punjab
KOGHUZI	17120	Mardan 	NWFP
KOHAT BOARD OF EDUCATION	26064	Kohat 	NWFP
KOHAT CADET COLLEGE 	26030	Kohat 	NWFP
KOHAT GPO	26000	Kohat 	NWFP
KOHAT GUNNERS LINE	26050	Kohat 	NWFP
KOHAT J.D.M.T.MILLS	26070	Kohat 	NWFP
KOHAT OFFICERS TRAINING SCHOOL 	26090	Kohat 	NWFP
KOHAT P.A.F.	26080	Kohat 	NWFP
KOHAT POLICE RECRUIT TRAINING CENTRE	26020	Kohat 	NWFP
KOHAT SATELLITE TOWN	26054	Kohat 	NWFP
KOHI BARMOL	23260	Mardan 	NWFP
KOHI TAFTAN	95000	Quetta 	Balochistan
KOHINOOR ENERGY	55160	Lahore 	Punjab
KOHIWALA	58260	Khanewal 	Punjab
KOHLOWALA	52130	Gujranwala 	Punjab
KOHLU	83000	Loralai 	Balochistan
KOLIAN HAMEED	47296	Rawalpindi 	Punjab
KOLPUR	81550	Sibi 	Balochistan
KORANGI CREEK	75190	Korangi 	Sindh
KORANGI G.P.O.	74900	Korangi 	Sindh
KORYAL KALAN	39424	Qila Sheikhupura 	Punjab
KOSHT	17100	Chitral 	NWFP
KOT ABDUL MALIK	39250	Qila Sheikhupura 	Punjab
KOT ADU	34050	Muzaffargarh 	Punjab
KOT ALLAH SINGH	58230	Khanewal 	Punjab
KOT CHHAJI	43110	Attock 	Punjab
KOT CHUTTA	32350	Dera Ghazi Khan 	Punjab
KOT DIGI	68060	Khairpur  	Sindh
KOT FATEH KHAN	43340	Attock 	Punjab
KOT GUHLAM MOHAMMAD	69340	Mirpur Khas 	Sindh
KOT JAI	29210	Dera Ismail Khan 	NWFP
KOT MIRJAN MUHAMMAD	69300	Mirpur Khas 	Sindh
KOT MOMAN	40450	Sargodha 	Punjab
KOT NAJIBULLAH	22660	Haripur 	NWFP
KOT NIZAMDIN	39660	Qila Sheikhupura 	Punjab
KOT QAISRANI	32130	Dera Ghazi Khan 	Punjab
KOT QAZI	48222	Talagang 	Punjab
KOT RADHA KISHAN	55180	Kasur 	Punjab
KOT SARANG	48080	Talagang 	Punjab
KOT SHAKIR	35510	Jhang 	Punjab
KOT SOMABA	64170	Rahimyar Khan 	Punjab
KOT SUBZAL	64470	Rahimyar Khan 	Punjab
KOT SULTAN	31650	Layyah 	Punjab
KOTALI NIJABAT	59310	Multan 	Punjab
KOTERA	48282	Talagang 	Punjab
KOTHA	23500	Sawabi 	NWFP
KOTLA	50990	Gujrat 	Punjab
KOTLA MUSA KHAN	63400	Bahawalpur 	Punjab
KOTLI BEHRAM	51330	Sialkot 	Punjab
KOTLI GPO (AK)	11100	Kotli 	Azad Kashmir
KOTLI LOHARAN EAST	51210	Sialkot 	Punjab
KOTLI LOHARAN WEST	51220	Sialkot 	Punjab
KOTLI SATTIAN	47260	Rawalpindi 	Punjab
KOTRI	76000	Hyderabad 	Sindh
KOTRI KABIR	67010	Nawabshah 	Sindh
KOZA BANDA	21060	Mansehra 	NWFP
KUCHLAK	87000	Quetta 	Balochistan
KUDDAN	92650	Turbat 	Balochistan
KUFRI	41162	Khushab 	Punjab
KUKKAR HATTA	58270	Khanewal 	Punjab
KULACHI	29350	Dera Ismail Khan 	NWFP
KULDANA	47130	Murree 	Punjab
KULLOWAL	51130	Sialkot 	Punjab
KUMB	66120	Khairpur  	Sindh
KUNDIAN	42050	Mianwali 	Punjab
KUNDWAL	49010	Jhelum 	Punjab
KUNJAH	50620	Gujrat 	Punjab
KUNRI	69160	Mirpur Khas 	Sindh
KUNTRILLA	47900	Gujar Khan 	Punjab
KURI	45570	Islamabad 	Federal Capital
KUTABPUR	59110	Bahawalpur 	Punjab
KUTBAL	43390	Attock 	Punjab
KUTHIALA	22100	Abbottabad 	NWFP
LACHI	26360	Kohat 	NWFP
LADGASHT	94150	Quetta 	Balochistan
LADHA	29490	Tank 	NWFP
LADHANA	31350	Layyah 	Punjab
LADHE WALA WARAICH 	52320	Gujranwala 	Punjab
LADIUN	73080	Hyderabad 	Sindh
LAHOR CHHOTA (MARDAN)	23570	Sawabi 	NWFP
LAHORE ALLAMA IQBAL TOWN	54570	Lahore 	Punjab
LAHORE CANTT. G.P.O.	54810	Lahore Cantt 	Punjab
LAHORE DEFENCE HOUSING SOICETY 	54792	Lahore Cantt 	Punjab
LAHORE E.M.E Society P.O	53710	Lahore 	Punjab
LAHORE ENGINEERING UNIVERSITY	54890	Lahore 	Punjab
LAHORE G.P.O	54000	Lahore 	Punjab
LAHORE ISMAIL NAGAR	54760	Lahore Cantt 	Punjab
LAHORE MULTAN ROAD	54500	Lahore 	Punjab
LAHORE NEW UNIVERSITY CAMPUS	54590	Lahore 	Punjab
LAHORE PMG PUNJAB POST OFFICE	54560	Lahore 	Punjab
LAHORE PT & T AUDIT	54550	Lahore 	Punjab
LAHORE PUNJAB GOVERNOR HOUSE	54880	Lahore 	Punjab
LAHORE SECONDARY BOARD	54650	Lahore 	Punjab
LAHORE SHADMAN WOMEN MODEL P.O	54610	Lahore 	Punjab
LAKARMAR	43060	Attock 	Punjab
LAKHA ROAD	67300	Nawabshah 	Sindh
LAKHAN WAL	50800	Gujrat 	Punjab
LAKHI GHULAM SHAH	78060	Shikarpur 	Sindh
LAKKI HEADQUARTER COMPLEX	28500	Bannu 	NWFP
LAKKI MARWAT HPO	28420	Bannu 	NWFP
LAKKI MARWAT MAIL LORRY ADDA	28510	Bannu 	NWFP
LAL QILLA	18350	Batkhela HPO	NWFP
LALA MUSA	50200	Gujrat 	Punjab
LALA RUKH WAH CANTT	47010	Wah Cantt. 	Punjab
LALAZAR COLONY WAH 	47044	Wah Cantt. 	Punjab
LALBANI	67314	Nawabshah 	Sindh
LALIAN	35470	Jhang 	Punjab
LALLIANI	40440	Sargodha 	Punjab
LALU RAUNK	77250	Larkana 	Sindh
LAND KAMAR	27600	Karak 	NWFP
LANDE WAH	28410	Bannu 	NWFP
LANDHI COLONY	75160	Korangi 	Sindh
LANDI ARBAB	25220	Peshawar 	NWFP
LANDI KOTAL	24740	Peshawar 	NWFP
LANGAY	50624	Gujrat 	Punjab
LAR	59130	Multan 	Punjab
LARKANA GPO	77150	Larkana 	Sindh
LASHARI	77390	Larkana 	Sindh
LASSAN NAWAB	21390	Mansehra 	NWFP
LATAMBER	27800	Karak 	NWFP
LATIFABAD	71800	Hyderabad 	Sindh
LATRA	32000	Dera Ghazi Khan 	Punjab
LAUGAH	48950	Chakwal 	Punjab
LAWA	48250	Talagang 	Punjab
LAWRENCE COLLEGE	47114	Murree 	Punjab
LAYYAH GPO	31200	Layyah 	Punjab
LAYYAH SUGAR MILLS	31300	Layyah 	Punjab
LEEPA	13164	Muzaffarabad 	Azad Kashmir
LEHR SULTAN PUR	48400	Chakwal 	Punjab
LEHRI	49270	Jhelum 	Punjab
LEHRI	81200	Sibi 	Balochistan
LEHRI 	47400	Rawalpindi 	Punjab
LEHRI KAKAN	48430	Chakwal 	Punjab
LEHTRAR BALA	47270	Rawalpindi 	Punjab
LENGRIALI	51400	Sialkot 	Punjab
LESSAR KALAN	51804	Narowal 	Punjab
LETI	48190	Talagang 	Punjab
LIAQAT ABAD	42000	Mianwali 	Punjab
LIAQAT MEDICAL COLLEGE (JAMSHORO)	76090	Hyderabad 	Sindh
LIAQAT PUR	64000	Rahimyar Khan 	Punjab
LILLA	49020	Jhelum 	Punjab
LODHRAN	59320	Bahawalpur 	Punjab
LOHI BHER	45710	Islamabad 	Federal Capital
LORA	22360	Abbottabad 	NWFP
LORALAI CANTT.	84820	Loralai 	Balochistan
LORALAI GPO	84800	Loralai 	Balochistan
LOWER TOPA	47214	Murree 	Punjab
LUDDAN 	61110	Vehari 	Punjab
LUND KHAWAR	23130	Mardan 	NWFP
LUNDO	68020	Sanghar 	Sindh
LUNJGRAN	12330	Rawalakot 	Azad Kashmir
MACHHIAN WALA	61070	Vehari 	Punjab
MACHI GOTH	64450	Rahimyar Khan 	Punjab
MADARISA	62320	Bahawal Nagar 	Punjab
MADIJI	78030	Shikarpur 	Sindh
MADINA	50700	Gujrat 	Punjab
MADYAN	19020	Saidu Sharif 	NWFP
MAHNI SIAL	58256	Khanewal 	Punjab
MAHRABPUR	67000	Nawabshah 	Sindh
MAHUTA MOHRA 	47620	Rawalpindi 	Punjab
MAILSI	61200	Vehari 	Punjab
MAILSI COLONY	61210	Vehari 	Punjab
MAINDLA	12170	Rawalakot 	Azad Kashmir
MAINI	23450	Sawabi 	NWFP
MAIRA (JHELUM)	49510	Jhelum 	Punjab
MAIRA (RAWALPINDI)	47376	Rawalpindi 	Punjab
MAIRA BALA	22560	Abbottabad 	NWFP
MAIWAND	83100	Loralai 	Balochistan
MAKERWAL	42410	Mianwali 	Punjab
MAKHAD ROAD	43000	Attock 	Punjab
MAKHAD SHARIF	43010	Attock 	Punjab
MAKHDOOMPUR PHOHARAN	58170	Khanewal 	Punjab
MAKHDUM RASHID	59100	Multan 	Punjab
MAKIANA	50920	Gujrat 	Punjab
MALAK MALA	43412	Attock 	Punjab
MALAKAND	23050	Batkhela HPO	NWFP
MALAKPUR	50094	Gujrat 	Punjab
MALHAL MUGHLAN	48910	Chakwal 	Punjab
MALHOWALI	43090	Attock 	Punjab
MALIR CANTT	75070	Korangi 	Sindh
MALIR CITY	75050	Korangi 	Sindh
MALIR COLONY	75080	Korangi 	Sindh
MALKA	50170	Gujrat 	Punjab
MALKA HANS	57110	Sahiwal 	Punjab
MALKEY KLAN	51380	Sialkot 	Punjab
MALLOT SATTIAN	47250	Rawalpindi 	Punjab
MALLOTE	12502	Bagh 	Azad Kashmir
MAMESH KHEL	28140	Bannu 	NWFP
MAMU KANJAN	37000	Faisalabad 	Punjab
MANA	32400	Dera Ghazi Khan 	Punjab
MANAN WALA	39170	Qila Sheikhupura 	Punjab
MANARA	48584	Chakwal 	Punjab
MAND	92100	Turbat 	Balochistan
MAND 	50622	Gujrat 	Punjab
MANDHARA	29200	Dera Ismail Khan 	NWFP
MANDHOLE 	12180	Rawalakot 	Azad Kashmir
MANDI AHMED ABAD	56000	Okara 	Punjab
MANDI BAHAUDDIN G. P. O.	50400	Mandi Bahauddin 	Punjab
MANDI FAIZ ABAD	39470	Qila Sheikhupura 	Punjab
MANDI SADIQ GANJ	62210	Bahawal Nagar 	Punjab
MANDIAN	22044	Abbottabad 	NWFP
MANDIR SYEDAN	51120	Sialkot 	Punjab
MANDORI	24504	Charsadda 	NWFP
MANDRA	47670	Gujar Khan 	Punjab
MANG	12300	Rawalakot 	Azad Kashmir
MANGA MANDI	55270	Lahore 	Punjab
MANGAT	50410	Mandi Bahauddin 	Punjab
MANGHOTA BARAHMNAN	47542	Rawalpindi 	Punjab
MANGLA CANTT	49430	Jhelum 	Punjab
MANGLA DAM	10200	Mirpur 	Azad Kashmir
MANGLORE	21330	Mansehra 	NWFP
MANGORA	19130	Saidu Sharif 	NWFP
MANGOTE	47710	Gujar Khan 	Punjab
MANGOWAL	50640	Gujrat 	Punjab
MANGROTHA	32120	Dera Ghazi Khan 	Punjab
MANGWAL	48720	Chakwal 	Punjab
MANJHI PUR	80200	Sibi 	Balochistan
MANKARAI	22700	Haripur 	NWFP
MANKERA	30060	Bhakkar 	Punjab
MANKI SHARIF	24140	Nowshera 	NWFP
MANNOO ABAD	39010	Qila Sheikhupura 	Punjab
MANOCHAR	88250	Khuzdar 	Balochistan
MANORA	75640	Karachi 	Sindh
MANSAR CAMP	43550	Attock 	Punjab
MANSEHRA CITY	21310	Mansehra 	NWFP
MANSEHRA GPO	21300	Mansehra 	NWFP
MANSOORA	54790	Lahore 	Punjab
MANSORA HYDERABAD	70110	Hyderabad 	Sindh
MANZAI	29460	Tank 	NWFP
MANZOOR HAYAT COLONY BHALWAL	40420	Sargodha 	Punjab
MARA JAFFAR	45250	Islamabad 	Federal Capital
MARAKI WAL	51230	Sialkot 	Punjab
MARALA	51200	Sialkot 	Punjab
MARDAN GPO	23200	Mardan 	NWFP
MARDAN SUGAR RESEARCH INSTITUTE	23210	Mardan 	NWFP
MARDWAL	41130	Khushab 	Punjab
MARGHUZ	23530	Sawabi 	NWFP
MARH BALOCHAN	39570	Qila Sheikhupura 	Punjab
MARI INDUS	42350	Mianwali 	Punjab
MARTIN PUR	39160	Qila Sheikhupura 	Punjab
MASHKEY	89200	Khuzdar 	Balochistan
MASHOO KHEL	24810	Peshawar 	NWFP
MASTAJ	17020	Chitral 	NWFP
MASTUGE	17020	Mardan 	NWFP
MASTUNG	88200	Khuzdar 	Balochistan
MASTUNG ROAD	88100	Khuzdar 	Balochistan
MATHANI	24850	Peshawar 	NWFP
MATIARI	70150	Hyderabad 	Sindh
MATLI	72010	Hyderabad 	Sindh
MATORE	47374	Rawalpindi 	Punjab
MATOTLI	59240	Multan 	Punjab
MATSONABAD	50520	Mandi Bahauddin 	Punjab
MATTA	19040	Saidu Sharif 	NWFP
MATTA MUGHAL KHEL	24640	Charsadda 	NWFP
MAYAR	23290	Mardan 	NWFP
MAYAR JANDOL	18550	Batkhela HPO	NWFP
MEHAR	76330	Dadu 	Sindh
MEHDIABAD	16400	Skardu HPO	Northern Area
MEHMOOD KOT 	34110	Muzaffargarh 	Punjab
MEHMOODABAD 	75460	New Town 	Sindh
MEHRAJKE	51430	Sialkot 	Punjab
MEHRAN SUGAR MILLS (TANDO ALLAHYAR)	70020	Hyderabad 	Sindh
MEHRAN UNIVERSITY OF ENGINEERING	67480	Nawabshah 	Sindh
MENA	77410	Larkana 	Sindh
MERA GRAM	17000	Mardan 	NWFP
MIAN CHANNU	58000	Khanewal 	Punjab
MIAN CHANNU RAILWAY STATION	58030	Khanewal 	Punjab
MIAN WALI QURESHIAN	64320	Rahimyar Khan 	Punjab
MIANA GONDAL	50580	Mandi Bahauddin 	Punjab
MIANI	40550	Sargodha 	Punjab
MIANI BEACH	90200	Khuzdar 	Balochistan
MIANWAL	50490	Mandi Bahauddin 	Punjab
MIANWALA	43244	Attock 	Punjab
MIANWALI G.P.O.	42200	Mianwali 	Punjab
MIANWALI P.A.F COLONY	42206	Mianwali 	Punjab
MICHAN KHELADDA LAKKI MARWAT	28520	Bannu 	NWFP
MIDH RANJHA	40460	Sargodha 	Punjab
MILITARY FARMS OKARA	56350	Okara 	Punjab
MILLAT TOWN	38070	Faisalabad 	Punjab
MINCHIN ABAD	62230	Bahawal Nagar 	Punjab
MINWAL	48690	Chakwal 	Punjab
MIR ALI	28170	Bannu 	NWFP
MIR ALI ADDA	28180	Bannu 	NWFP
MIRAN MACHI	77214	Larkana 	Sindh
MIRJAL	43320	Attock 	Punjab
MIRO KAHN	77270	Larkana 	Sindh
MIRPUR BATHORO	73030	Hyderabad 	Sindh
MIRPUR BURIRO	79120	Jacobabad 	Sindh
MIRPUR CITY 	10250	Kotli 	Azad Kashmir
MIRPUR GPO	10250	Mirpur 	Azad Kashmir
MIRPUR KHAS GPO	69000	Mirpur Khas 	Sindh
MIRPUR MATHELO	65040	Sukkur 	Sindh
MIRPUR SAKRO	73240	Hyderabad 	Sindh
MIRWAH	66150	Khairpur  	Sindh
MIRWAH GORCHANI	69370	Mirpur Khas 	Sindh
MIRYAN	28050	Bannu 	NWFP
MIRZA	43680	Attock 	Punjab
MISALI MIDDLE PUBLIC SCHOOL PIR JIHANIA	34220	Muzaffargarh 	Punjab
MISGAR	15900	Gilgit 	Northern Area
MISRI BANDA	24060	Nowshera 	NWFP
MISSA KASWAL	47980	Gujar Khan 	Punjab
MISSAN WADI	70014	Hyderabad 	Sindh
MITHA KHEL	27100	Karak 	NWFP
MITHA TIWANA	41250	Khushab 	Punjab
MITHAL	43210	Attock 	Punjab
MITHAN KOT	33600	Dera Ghazi Khan 	Punjab
MITHI	69230	Mirpur Khas 	Sindh
MITHIANI	67100	Nawabshah 	Sindh
MITHRI VILLAGE	81350	Sibi 	Balochistan
MITRAN WALI	52220	Sialkot 	Punjab
MITRU	61160	Vehari 	Punjab
MOAZAM ABAD 	40430	Sargodha 	Punjab
MOCHH	42310	Mianwali 	Punjab
MODEL COLONY KORANGI	75100	Korangi 	Sindh
MODEL TOWN HUMAK 	45700	Islamabad 	Federal Capital
MODEL TOWN LAHORE	54700	Lahore Cantt 	Punjab
MOENJODARA	77070	Larkana 	Sindh
MOGHALPURA	54840	Lahore 	Punjab
MOHABAT DERO	67060	Nawabshah 	Sindh
MOHABATABAD	23660	Mardan 	NWFP
MOHABATI KILLA	27210	Karak 	NWFP
MOHANDRI BAZAR	21220	Mansehra 	NWFP
MOHLANKE	52072	Gujranwala 	Punjab
MOHRA BHUTTIAN	47920	Gujar Khan 	Punjab
MOHRA NOORI	47884	Gujar Khan 	Punjab
MOHRA SAYYEDAN	47224	Murree 	Punjab
MOHRA SHARIF KOTLI	11180	Kotli 	Azad Kashmir
MOHRI	50110	Gujrat 	Punjab
MOHRI FARMAN SHAH	12400	Rawalakot 	Azad Kashmir
MOHSINABAD	84810	Loralai 	Balochistan
MOIL	10012	Bhimber 	Azad Kashmir
MOINUDDIN PUR	50760	Gujrat 	Punjab
MONA REMOUNT DEPOT	50560	Mandi Bahauddin 	Punjab
MONDKA	34384	Muzaffargarh 	Punjab
MONG	50390	Mandi Bahauddin 	Punjab
MONG BAJRI	12470	Bagh 	Azad Kashmir
MONO NAGAR	43720	Attock 	Punjab
MONOO PUR	39320	Qila Sheikhupura 	Punjab
MOORAT	43396	Attock 	Punjab
MORE KHUNDA	39120	Qila Sheikhupura 	Punjab
MORI	40342	Sargodha 	Punjab
MORO	67130	Nawabshah 	Sindh
MOWARA	47370	Rawalpindi 	Punjab
MUBARIKPUR	63290	Bahawalpur 	Punjab
MUBBARIK ALI BURIRO	67150	Nawabshah 	Sindh
MUHALIWALA 	52390	Gujranwala 	Punjab
MUHAMMAD PUR	33300	Dera Ghazi Khan 	Punjab
MUHAMMAD SALAM PALLI	69080	Mirpur Khas 	Sindh
MULLAZAI	29440	Tank 	NWFP
MULTAN ARMY AVIATION BASE 	60050	Multan 	Punjab
MULTAN FERTILIZER PROJECT	59060	Multan 	Punjab
MULTAN GPO	60000	Multan 	Punjab
MULTAN KHURD	48030	Talagang 	Punjab
MUMTAZ ABAD	60600	Multan 	Punjab
MUNDA	18500	Batkhela HPO	NWFP
MUNDEKE GORAYA	51140	Sialkot 	Punjab
MUNDEY	48670	Chakwal 	Punjab
MURAD MEMON GOTH (KP-974)	75040	Korangi 	Sindh
MURADPUR	21360	Mansehra 	NWFP
MURALA	50354	Mandi Bahauddin 	Punjab
MURGHA	85100	Loralai 	Balochistan
MURID	48610	Chakwal 	Punjab
MURID WALA	37020	Faisalabad 	Punjab
MURIDKE	39000	Qila Sheikhupura 	Punjab
MURREE BREWARY 	46120	Rawalpindi 	Punjab
MURREE CLIFDON	47118	Murree 	Punjab
MURREE GPO	47150	Murree 	Punjab
MURYALI	29080	Dera Ismail Khan 	NWFP
MUSA	43460	Attock 	Punjab
MUSA KEL	84700	Loralai 	Balochistan
MUSA KHEL	42210	Mianwali 	Punjab
MUSA ZAI	29320	Dera Ismail Khan 	NWFP
MUSA ZAI	24360	Peshawar 	NWFP
MUSLIM ABAD	21020	Mansehra 	NWFP
MUSLIM BAGH	85500	Loralai 	Balochistan
MUSTAFABAD KASUR	55110	Kasur 	Punjab
MUZAFFARABAD GPO 	13100	Muzaffarabad 	Azad Kashmir
MUZAFFARGARH GPO	34200	Muzaffargarh 	Punjab
NABI SIR ROAD	69200	Mirpur Khas 	Sindh
NAGAR	15650	Gilgit 	Northern Area
NAGAR 	17240	Chitral 	NWFP
NAGAR (CHITRAL)	17240	Mardan 	NWFP
NAGAR PARKAR	69260	Mirpur Khas 	Sindh
NAGIAL	49324	Jhelum 	Punjab
NAGIAL CHAMKOWN VALLEY	49122	Jhelum 	Punjab
NAGRI BALA	22260	Abbottabad 	NWFP
NAGRI TOTLIAL	22350	Abbottabad 	NWFP
NAGRIAN	50934	Gujrat 	Punjab
NAINA KOT	51820	Narowal 	Punjab
NAKA AFGHANAN	43030	Attock 	Punjab
NAKA KAHUT	48110	Talagang 	Punjab
NAKIAL	11170	Kotli 	Azad Kashmir
NALIAN	12070	Rawalakot 	Azad Kashmir
NALLA MUSILMANAN	47430	Rawalpindi 	Punjab
NAMLI MAIRA	22250	Abbottabad 	NWFP
NANDO SHAHAR	72250	Hyderabad 	Sindh
NANDRAKABAD	43052	Attock 	Punjab
NANKANA SAHIB	39100	Qila Sheikhupura 	Punjab
NAODERO	77360	Larkana 	Sindh
NAR	11040	Kotli 	Azad Kashmir
NAR MUZAFFAR KHAN	28340	Bannu 	NWFP
NARA	43120	Attock 	Punjab
NARA	47384	Rawalpindi 	Punjab
NARA	22550	Abbottabad 	NWFP
NARALI	47760	Gujar Khan 	Punjab
NARAN	21200	Mansehra 	NWFP
NARANG MANDI	39050	Qila Sheikhupura 	Punjab
NARH	47360	Rawalpindi 	Punjab
NARI	32050	Dera Ghazi Khan 	Punjab
NAROWAL GPO	51600	Narowal 	Punjab
NARTOPA	43450	Attock 	Punjab
NARYAB	26230	Kohat 	NWFP
NASARPUR	70040	Hyderabad 	Sindh
NASIR BAGH	24700	Peshawar 	NWFP
NASIRABAD	15550	Gilgit 	Northern Area
NASIRABAD	92900	Turbat 	Balochistan
NASIRABAD LARKANA	77020	Larkana 	Sindh
NASRAT KHEL	26160	Kohat 	NWFP
NATHIA GALI	22280	Abbottabad 	NWFP
NATIONAL WOOD INDUSTRIES LALA MUSA	50220	Gujrat 	Punjab
NAU KOT	69220	Mirpur Khas 	Sindh
NAUABAD 	68080	Sanghar 	Sindh
NAULAKHA	54010	Lahore 	Punjab
NAUSHERA VIRKAN	52370	Gujranwala 	Punjab
NAUSHERO FEROZ	67370	Nawabshah 	Sindh
NAWAB JESSI KHAN 	12304	Rawalakot 	Azad Kashmir
NAWABSHAH GPO	67450	Nawabshah 	Sindh
NAWAN KILLI	23420	Mardan 	NWFP
NAWAN LAHORE	36280	T.T Singh 	Punjab
NAWAN SHAHR	22080	Abbottabad 	NWFP
NAWAZISH NAGHAR	35170	Jhang 	Punjab
NAWSHERA (KHUSHAB)	41100	Khushab 	Punjab
NEW CHHOR	69094	Mirpur Khas 	Sindh
NEW DAMBALO	72052	Hyderabad 	Sindh
NEW JATOI	67110	Nawabshah 	Sindh
NEW KARACHI	75850	Alhydri 	Sindh
NEW MULTAN	60650	Multan 	Punjab
NEW TOWN G.P.O.	74800	New Town 	Sindh
NIAZ BEG THOKAR	53700	Lahore 	Punjab
NICHARA	88350	Khuzdar 	Balochistan
NICHINDI	48900	Chakwal 	Punjab
NIHANG	40230	Sargodha 	Punjab
NILA	48730	Chakwal 	Punjab
NILHAD	43280	Attock 	Punjab
NILORE	45650	Islamabad 	Federal Capital
NISATTA	24450	Charsadda 	NWFP
NITHRIKE 	52334	Gujranwala 	Punjab
NIZAM ABAD	52020	Gujranwala 	Punjab
NIZAM BAZAR	28030	Bannu 	NWFP
NIZAM PUR	24010	Nowshera 	NWFP
NIZAM PUR GUJRANWALA	52410	Gujranwala 	Punjab
NOKUNDI	95050	Quetta 	Balochistan
NONAR	51580	Narowal 	Punjab
NOON SUGAR MILLS BHALWAL	40400	Sargodha 	Punjab
NOOR JHANIAN	67180	Nawabshah 	Sindh
NOOR SHAH	57080	Sahiwal 	Punjab
NOORIABAD	73090	Hyderabad 	Sindh
NOORPUR NAURANGA	63300	Bahawalpur 	Punjab
NOORPUR SHAHAN	45300	Islamabad 	Federal Capital
NOWSHERA CITY	24110	Nowshera 	NWFP
NOWSHERA GPO	24100	Nowshera 	NWFP
NOWSHERA KAKEZIAN	51520	Sialkot 	Punjab
NUR PUR	48590	Chakwal 	Punjab
NUR PUR THAL	41270	Khushab 	Punjab
NURKOT	51770	Narowal 	Punjab
NUSHKI	95200	Quetta 	Balochistan
NUSRAT 60 MILE MORI	67430	Nawabshah 	Sindh
NUTKANI	32020	Dera Ghazi Khan 	Punjab
ODEROLAL R.S.	70090	Hyderabad 	Sindh
ODEROLAL VILLAGE	70092	Hyderabad 	Sindh
OGHI	21400	Mansehra 	NWFP
OKARA AMMUNITION DEPOT	56410	Okara 	Punjab
OKARA CANTONMENT	56400	Okara 	Punjab
OKARA GPO	56300	Okara 	Punjab
OLDING	16600	Skardu HPO	Northern Area
ORANGI TOWN	75800	Alhydri 	Sindh
ORMARA	91400	Turbat 	Balochistan
OUCH (DIR)	18750	Batkhela HPO	NWFP
OUDHERWAL	48660	Chakwal 	Punjab
P. A. F. SAKESAR	41160	Khushab 	Punjab
P.A.C. KAMRA	43570	Attock 	Punjab
P.A.F. BADIN	72210	Hyderabad 	Sindh
P.A.F. BASE RAFIQI SHOR KOT	35030	Jhang 	Punjab
P.A.F. COLONY SHOR KOT	35020	Jhang 	Punjab
P.A.F. RISALAY WALA	37510	Faisalabad 	Punjab
P.M.O COMPLEX WAH	47086	Wah Cantt. 	Punjab
PABBI	24210	Nowshera 	NWFP
PABBI RAILWAY STATION	24220	Nowshera 	NWFP
PACCA ANNA	36200	T.T Singh 	Punjab
PACHAND	48200	Talagang 	Punjab
PACHIOT	12430	Rawalakot 	Azad Kashmir
PADHRAR	41060	Khushab 	Punjab
PADHRI	49328	Jhelum 	Punjab
PADIDAN	67330	Nawabshah 	Sindh
PADIDAN TOWN	67340	Nawabshah 	Sindh
PAF AIRPORT	65310	Sukkur 	Sindh
PAHARPUR	29160	Dera Ismail Khan 	NWFP
PAI	29430	Tank 	NWFP
PAI KHEL	42300	Mianwali 	Punjab
PAIL	41050	Khushab 	Punjab
PAK FOREST INSTITUTE PESHAWAR	25130	Peshawar 	NWFP
PAK ORDINANCE FACTORIES HAVILIAN	22510	Abbottabad 	NWFP
PAK PATTAN SHARIF	57400	Sahiwal 	Punjab
PAK SAUDI FERTILIZAR MIRPUR MATHELO	65050	Sukkur 	Sindh
PAK. MACHINE TOOL FACTORY KARACHI	75030	Korangi 	Sindh
PAK. STEEL MILLS KARACHI	75000	Korangi 	Sindh
PAK. STEEL MILLS TOWNSHIP KARACHI	75010	Korangi 	Sindh
PAKHA GHULAM	24370	Peshawar 	NWFP
PAKHONAR	12130	Rawalakot 	Azad Kashmir
PAKISTAN ORDINANCE FACTORY GUDWAL	47030	Wah Cantt. 	Punjab
PAKISTAN TOWN (KORANG TOWN)	45720	Islamabad 	Federal Capital
PAKKI SHAH MARDAN	42204	Mianwali 	Punjab
PALAK 	10520	Mirpur 	Azad Kashmir
PALANDRI	12010	Rawalakot 	Azad Kashmir
PALLAH	63030	Bahawalpur 	Punjab
PALO DHERI	23380	Mardan 	NWFP
PANGRIO	72130	Hyderabad 	Sindh
PANIALA	29000	Dera Ismail Khan 	NWFP
PANIAN	22690	Haripur 	NWFP
PANIOLA	12420	Rawalakot 	Azad Kashmir
PANJ GIRAIN	30120	Bhakkar 	Punjab
PANJAR	47350	Rawalpindi 	Punjab
PANJERA	11120	Kotli 	Azad Kashmir
PANJERI	10400	Mirpur 	Azad Kashmir
PANJGUR	93000	Turbat 	Balochistan
PANJNAD	63420	Bahawalpur 	Punjab
PANJPIR	23630	Mardan 	NWFP
PANNU AKIL CANTT.	65130	Sukkur 	Sindh
PANO AKIL	65120	Sukkur 	Sindh
PANTHAL	12034	Rawalakot 	Azad Kashmir
PANWAN	39650	Qila Sheikhupura 	Punjab
PAPNAKHA	52326	Gujranwala 	Punjab
PARA BEG	17140	Mardan 	NWFP
PARACHINAR	26300	Kohat 	NWFP
PARHENA	21370	Mansehra 	NWFP
PARI DARWEZA	49210	Jhelum 	Punjab
PAROA	29230	Dera Ismail Khan 	NWFP
PARYAL	47630	Rawalpindi 	Punjab
PASNI	91300	Turbat 	Balochistan
PASRUR	51480	Sialkot 	Punjab
PATAK	93100	Turbat 	Balochistan
PATTAN	20200	Mansehra 	NWFP
PATTIKA	13210	Muzaffarabad 	Azad Kashmir
PATTOKI	55300	Kasur 	Punjab
PATWALI	48052	Talagang 	Punjab
PAWAKA	24820	Peshawar 	NWFP
PEEROWAL	58152	Khanewal 	Punjab
PERO SHAH	50950	Gujrat 	Punjab
PESHAWAR C.T. TRAINING SCHOOL 	25160	Peshawar 	NWFP
PESHAWAR EDUCATION BOARD	25110	Peshawar 	NWFP
PESHAWAR GPO	25000	Peshawar 	NWFP
PESHAWAR INDUSTRIAL ESTATE	24720	Peshawar 	NWFP
PESHAWAR POLY TECHNICAL COLLEGE 	25210	Peshawar 	NWFP
PESHAWAR UNIVERSITY 	25120	Peshawar 	NWFP
PESHORA	21042	Mansehra 	NWFP
PETARO CADET COLLEGE	76120	Hyderabad 	Sindh
PHAGWARI	47200	Murree 	Punjab
PHALIA	50430	Mandi Bahauddin 	Punjab
PHAPRIL	47216	Rawalpindi 	Punjab
PHUKLIAN	51280	Sialkot 	Punjab
PHUL	67380	Nawabshah 	Sindh
PHULAR WAN	40570	Sargodha 	Punjab
PHULJI	76220	Dadu 	Sindh
PHULRA	21380	Mansehra 	NWFP
PIANANWAL	49100	Jhelum 	Punjab
PIDRAN 	88360	Khuzdar 	Balochistan
PIND DADAN KHAN	49040	Jhelum 	Punjab
PIND HASHAM KHAN	22710	Haripur 	NWFP
PIND KALAN	10510	Mirpur 	Azad Kashmir
PIND KARGO KHAN	22110	Abbottabad 	NWFP
PIND SULTANI	43230	Attock 	Punjab
PINDI BHATIAN	52180	Gujranwala 	Punjab
PINDI GHEB	43260	Attock 	Punjab
PINDI GUJRAN	48890	Chakwal 	Punjab
PINDI KALU	50306	Mandi Bahauddin 	Punjab
PINDI SAIDPUR	49110	Jhelum 	Punjab
PINDI SHIEKH MUSA	37140	Faisalabad 	Punjab
PINDOORI (CHAK BALI  KHAN)	47610	Rawalpindi 	Punjab
PINDORI	47950	Gujar Khan 	Punjab
PION	16810	Skardu HPO	Northern Area
PIPAL BAZAR	28150	Bannu 	NWFP
PIR BABA	19280	Mardan 	NWFP
PIR BUX BHUTTO	77370	Larkana 	Sindh
PIR KHEL	18760	Batkhela HPO	NWFP
PIR MAHAL	36300	T.T Singh 	Punjab
PIR SABAQ	24050	Nowshera 	NWFP
PIR WADHAI	46350	Rawalpindi 	Punjab
PIRA FATHIAL	48120	Talagang 	Punjab
PIRAN GHAIB	59030	Multan 	Punjab
PIRPAI	24180	Nowshera 	NWFP
PIRYALO	66000	Khairpur 	Sindh
PISHIN	86700	Quetta 	Balochistan
PITHARO	69060	Mirpur Khas 	Sindh
PITHO RANI 	10036	Bhimber 	Azad Kashmir
PLAI	23270	Mardan 	NWFP
PLANGI	12508	Bagh 	Azad Kashmir
POLICE TRAINING SCHOOL SHAHDADPUR	68040	Sanghar 	Sindh
POONA	10100	Bhimber 	Azad Kashmir
PORT QASIM	75020	Korangi 	Sindh
POTHA	11014	Kotli 	Azad Kashmir
POTHA BAINSI	10450	Mirpur 	Azad Kashmir
POTHI	47690	Gujar Khan 	Punjab
PRI JO GOTH	66030	Khairpur  	Sindh
PULL SUNNY	64230	Rahimyar Khan 	Punjab
PUNJA KASSI	58258	Khanewal 	Punjab
PUNJAB SMALL INDUSTRY 	58240	Khanewal 	Punjab
PUNJGRAN KHURD	47830	Gujar Khan 	Punjab
QABULA	57480	Sahiwal 	Punjab
QAID ABAD	41300	Khushab 	Punjab
QAIM PUR	63040	Bahawalpur 	Punjab
QALANDERABAD	22000	Abbottabad 	NWFP
QAMARABAD	67160	Nawabshah 	Sindh
QAMAR-UD-DIN KAREZ	85300	Loralai 	Balochistan
QASIMABAD	71100	Hyderabad 	Sindh
QASIRABAD COLONY	52100	Gujranwala 	Punjab
QAZI AHMED	67200	Nawabshah 	Sindh
QILA DIDAR SINGH	52330	Gujranwala 	Punjab
QILA MIAN SINGH	52360	Gujranwala 	Punjab
QILA SHEIKHUPURA GPO	39350	Qila Sheikhupura 	Punjab
QILAGAY	21420	Mansehra 	NWFP
QILLAN	12090	Rawalakot 	Azad Kashmir
QUAIDABAD	75120	Korangi 	Sindh
QUETTA AIR PORT	87650	Quetta 	Balochistan
QUETTA GPO	87300	Quetta 	Balochistan
QURESHI	34310	Muzaffargarh 	Punjab
RADHAN	76310	Dadu 	Sindh
RAFA-E-AAM SOCIETY KARACHI	75210	Korangi 	Sindh
RAHARA	12320	Rawalakot 	Azad Kashmir
RAHIM ABAD	19210	Saidu Sharif 	NWFP
RAHIMABAD	12110	Rawalakot 	Azad Kashmir
RAHIMKOT	13250	Muzaffarabad 	Azad Kashmir
RAHIMYAR KHAN GPO	64200	Rahimyar Khan 	Punjab
RAILWAY CROSSING JAMSHORO 	76060	Hyderabad 	Sindh
RAISAN	26196	Kohat 	NWFP
RAITLA MANDI	43444	Attock 	Punjab 
RAIWIND	55150	Lahore 	Punjab
RAJA JANG	55140	Kasur 	Punjab
RAJAN PUR	33500	Dera Ghazi Khan 	Punjab
RAJANA ROAD	36070	T.T Singh 	Punjab
RAJAR	41340	Khushab 	Punjab
RAJJAR	24480	Charsadda 	NWFP
RAJO KHANANI	72110	Hyderabad 	Sindh
RAJOYA	22530	Abbottabad 	NWFP
RAJRA GARHI	51402	Sialkot 	Punjab
RAKHNI	84500	Loralai 	Balochistan
RAM PURA	62120	Bahawal Nagar 	Punjab
RAMAK	29232	Dera Ismail Khan 	NWFP
RAMAN	47810	Gujar Khan 	Punjab
RANG PUR	34650	Muzaffargarh 	Punjab
RANGLA 	12610	Bagh 	Azad Kashmir
RANGLI	43232	Attock 	Punjab
RANGOO	43500	Attock 	Punjab
RANGPUR	29206	Dera Ismail Khan 	NWFP
RANGPUR BAGHOR	41320	Khushab 	Punjab
RANI PUR	66100	Khairpur  	Sindh
RANOLIA	20300	Mansehra 	NWFP
RAR KAN	84900	Loralai 	Balochistan
RARA SHAM	84600	Loralai 	Balochistan
RASHANG	21036	Mansehra 	NWFP
RASHIDABAD	70012	Hyderabad 	Sindh
RASKAI	24070	Nowshera 	NWFP
RASUL	50370	Mandi Bahauddin 	Punjab
RASUL G.C.T.	50380	Mandi Bahauddin 	Punjab
RASUL NAGAR	52090	Gujranwala 	Punjab
RATO DERA	77380	Larkana 	Sindh
RATTA	10540	Mirpur 	Azad Kashmir
RAWAL TOWN	45510	Islamabad 	Federal Capital
RAWALKOT GPO	12350	Rawalakot 	Azad Kashmir
RAWALPINDI CHAK JALAL DIN	46520	Rawalpindi 	Punjab
RAWALPINDI FIZAIA COLONY	46330	Rawalpindi 	Punjab
RAWALPINDI G.P.O.	46000	Rawalpindi 	Punjab
RAWALPINDI HIGH COURT 	46610	Rawalpindi 	Punjab
RAWALPINDI JUDICIAL TOWN	46310	Rawalpindi 	Punjab
RAWALPINDI KOHINOOR COLONY	46070	Rawalpindi 	Punjab
RAWALPINDI KUTCHERY	46510	Rawalpindi 	Punjab
RAWALPINDI MOMIN PURA	46010	Rawalpindi 	Punjab
RAWALPINDI P.M.O COMPLEX	47086	Wah Cantt. 	Punjab
RAWALPINDI RAJA TOWN	46320	Rawalpindi 	Punjab
RAWALPINDI SATELLITE TOWN	46300	Rawalpindi 	Punjab
RAWALPINDI URDU BAZAR	46020	Rawalpindi 	Punjab
RAWALPINDI WESTRIDGE	46060	Rawalpindi 	Punjab
RAYYANPURA	39018	Qila Sheikhupura 	Punjab
RAZKAK CADET COLLEGE 	28260	Bannu 	NWFP
RAZMAK	28270	Bannu 	NWFP
REERA BAZAR	12550	Bagh 	Azad Kashmir
REGI	24710	Peshawar 	NWFP
REHANA	22600	Haripur 	NWFP
REHMANI KHEL	29012	Dera Ismail Khan 	NWFP
REHNA SADAT	48604	Chakwal 	Punjab
RENALA KHURD	56130	Okara 	Punjab
RESHUN	17110	Chitral 	NWFP
RETRA	32040	Dera Ghazi Khan 	Punjab
REWAT	45900	Islamabad 	Federal Capital
RICHH BHAN	22106	Abbottabad 	NWFP
RIGHT BANK (TARBELLA)	23470	Sawabi 	NWFP
RIKHI	42250	Mianwali 	Punjab
RIND ALI	81410	SIBI 	Balochistan
RISAL PUR	24080	Nowshera 	NWFP
RISAL PUR P.A.F	24090	Nowshera 	NWFP
ROBBY TAXTILE MILL KASUR	55170	Kasur 	Punjab
RODA	41030	Khushab 	Punjab
ROHILAN WALI	34400	Muzaffargarh 	Punjab
ROHRI	65170	Sukkur 	Sindh
ROHRI CEMENT WORKS	65180	Sukkur 	Sindh
ROHTAS	49370	Jhelum 	Punjab
ROJHAN	33700	Dera Ghazi Khan 	Punjab
RORALA ROAD	37200	Faisalabad 	Punjab
RUDO SULTAN	35160	Jhang 	Punjab
RUK	78064	Shikarpur 	Sindh
RUKKAN	50510	Mandi Bahauddin 	Punjab
RUPER KALAN	47640	Rawalpindi 	Punjab
RUSTAM	23370	Mardan 	NWFP
SAADAT PUR	50020	Gujrat 	Punjab
SABIR ABAD	27000	Karak 	NWFP
SABOWAL	50750	Gujrat 	Punjab
SADDA	26290	Kohat 	NWFP
SADDAR BAZAR DERA ISMAIL KHAN	29140	Dera Ismail Khan 	NWFP
SADDAT COLONY	47090	Wah Cantt. 	Punjab
SADEN MIRA	21046	Mansehra 	NWFP
SADHOKE 	52368	Gujranwala 	Punjab
SADIK ABAD	64350	Rahimyar Khan 	Punjab
SADIQ GARH PALACE	63360	Bahawalpur 	Punjab
SADIQ PUBLIC SCHOOL BAHAWALPUR	63180	Bahawalpur 	Punjab
SADIQIA	62250	Bahawal Nagar 	Punjab
SADOJA	67120	Nawabshah 	Sindh
SADWAL	48600	Chakwal 	Punjab
SAEEDABAD	70100	Hyderabad 	Sindh
SAFDAR ABAD	39540	Qila Sheikhupura 	Punjab
SAGHAR	48150	Talagang 	Punjab
SAGRI	49390	Jhelum 	Punjab
SAGRI	47540	Rawalpindi 	Punjab
SAHIWAL (SARGODHA)	40210	Sargodha 	Punjab
SAHIWAL GOVERNMENT COLLEGE	57040	Sahiwal 	Punjab
SAHIWAL GPO	57000	Sahiwal 	Punjab
SAHIWALA	63354	Bahawalpur 	Punjab
SAHOWALA	51060	Sialkot 	Punjab
SAHUWALA (CHAK 132/RB)	37750	Faisalabad 	Punjab
SAIDPUR	51274	Sialkot 	Punjab
SAIDU SHARIF GPO	19200	Saidu Sharif 	NWFP
SAIGAL ABAD	48830	Chakwal 	Punjab
SAIL SHARIF	40220	Sargodha 	Punjab
SAIR DOOR	17234	Chitral 	NWFP
SAKHI CHASHMA	25170	Peshawar 	NWFP
SAKHI SARWAR	32300	Dera Ghazi Khan 	Punjab
SAKOOT	47444	Rawalpindi 	Punjab
SAKRAND	67210	Nawabshah 	Sindh
SALEH KHANA	24270	Nowshera 	NWFP
SALEH PAT	65150	Sukkur 	Sindh
SALOI	48420	Chakwal 	Punjab
SAMAN	43480	Attock 	Punjab
SAMAR BAGH	18600	Batkhela HPO	NWFP
SAMAR ROAD	69150	Mirpur Khas 	Sindh
SAMARO	69350	Mirpur Khas 	Sindh
SAMASATTA	63250	Bahawalpur 	Punjab
SAMBRIAL	51070	Sialkot 	Punjab
SAMINA	32230	Dera Ghazi Khan 	Punjab
SAMINANI	10060	Bhimber 	Azad Kashmir
SAMLI SANATORIUM	47104	Murree 	Punjab
SAMOTE	47490	Rawalpindi 	Punjab
SAMRALA	50982	Gujrat 	Punjab
SAMUNDRI	37300	Faisalabad 	Punjab
SAMUNGALI	87600	Quetta 	Balochistan
SANDHLIAN WALI	36320	T.T Singh 	Punjab
SANG	47700	Gujar Khan 	Punjab
SANG KALAN	48704	Chakwal 	Punjab
SANG WALA	48034	Talagang 	Punjab
SANGHAR GPO	68100	Sanghar 	Sindh
SANGHOI	49700	Jhelum 	Punjab
SANGHOLA	12390	Rawalakot 	Azad Kashmir
SANGLA HILL	39600	Qila Sheikhupura 	Punjab
SANGRAL	47294	Rawalpindi 	Punjab
SANJAR PUR	64460	Rahimyar Khan 	Punjab
SANJWAL PAKISTAN ORDNANCE FACTORY	43670	Attock 	Punjab
SANKHATRA	51650	Narowal 	Punjab
SANNI	81450	Sibi 	Balochistan
SAR BAND	25230	Peshawar 	NWFP
SAR KALAN	48570	Chakwal 	Punjab
SARAI ALAMGIR	50000	Gujrat 	Punjab
SARAI GAMBILA	28370	Bannu 	NWFP
SARAI MIRANSHAH	28200	Bannu 	NWFP
SARAI MOHAJIR	30020	Bhakkar 	Punjab
SARAI NAURANG	28350	Bannu 	NWFP
SARAI NAURANG MAIN BAZAR	28352	Bannu 	NWFP
SARAI NIAMAT KHAN	22720	Haripur 	NWFP
SARAI SALEH	22590	Haripur 	NWFP
SARAI SIDHU	58190	Khanewal 	Punjab
SARANAN	86400	Quetta 	Balochistan
SARAROGHA	29480	Tank 	NWFP
SARDAR PUR JHANDEER	61240	Vehari 	Punjab
SARDHERI BAZAR	24460	Charsadda 	NWFP
SARGODHA CANTT	40190	Sargodha 	Punjab
SARGODHA G.P.O.	40100	Sargodha 	Punjab
SARGODHA P.A.F BASE	40180	Sargodha 	Punjab
SARGODHA SECONDARY BOARD	40160	Sargodha 	Punjab
SARGODHA TAXTILE MILLS	40170	Sargodha 	Punjab
SARHAD	65100	Sukkur 	Sindh
SARHARI	68010	Sanghar 	Sindh
SARIAB	87900	Quetta 	Balochistan
SARIAB ROAD	87550	Quetta 	Balochistan
SARIYA	50994	Gujrat 	Punjab
SAROBA	49024	Jhelum 	Punjab
SAROZAI	26250	Kohat 	NWFP
SARSAWA	11110	Kotli 	Azad Kashmir
SARWAKAI	29510	Tank 	NWFP
SASRAL	47890	Gujar Khan 	Punjab
SATELITTE TOWN MIRPUR KHAS	69020	Mirpur Khas 	Sindh 
SATELLITE TOWN QUETTA	87500	Quetta 	Balochistan
SATIANA BANGLOW	37450	Faisalabad 	Punjab
SATRAH	51500	Sialkot 	Punjab
SATTAR KHAN COLONY	23280	Mardan 	NWFP
SATURA	22570	Abbottabad 	NWFP
SAUWAL	49070	Jhelum 	Punjab
SAWABI HPO	23430	Sawabi 	NWFP
SAWAL DHER	23360	Mardan 	NWFP
SAYYAD KISRAN	47820	Gujar Khan 	Punjab
SAYYED WALA	39150	Qila Sheikhupura 	Punjab
SECONDARY BOARD	60750	Multan 	Punjab
SEHER MANDI	11020	Kotli 	Azad Kashmir
SEHIRA	12174	Rawalakot 	Azad Kashmir
SEHNA	50150	Gujrat 	Punjab
SEHNSA	11010	Kotli 	Azad Kashmir
SEHR BAGLA	47204	Murree 	Punjab
SEHWAN	76140	Dadu 	Sindh
SENI GUMBAT	26120	Kohat 	NWFP
SERI	11210	Kotli 	Azad Kashmir
SERMIK	16350	Skardu HPO	Northern Area
SETHARJA	66200	Khairpur  	Sindh
SHABAZ AZMAT KHEL	28120	Bannu 	NWFP
SHABQADAR FORT	24630	Charsadda 	NWFP
SHADAN LUND	32150	Dera Ghazi Khan 	Punjab
SHADI KHAN	43530	Attock 	Punjab
SHADI KHAN CHANDIO	67204	Nawabshah 	Sindh
SHADI PAL	69050	Mirpur Khas 	Sindh
SHADIA	42120	Mianwali 	Punjab
SHADIWAL	50680	Gujrat 	Punjab
SHAH ALAM MARKET 	54100	Lahore 	Punjab
SHAH ALLAH DITTA	45220	Islamabad 	Federal Capital
SHAH BAZ GARHI	23390	Mardan 	NWFP
SHAH GRAM	17080	Chitral 	NWFP
SHAH JAMAL	34370	Muzaffargarh 	Punjab
SHAH JEWANA MANDI	35550	Jhang 	Punjab
SHAH JEWNA CITY	35560	Jhang 	Punjab 
SHAH KOT	39630	Qila Sheikhupura 	Punjab
SHAH MANSOOR	23650	Mardan 	NWFP
SHAH NIKDAR	40000	Sargodha 	Punjab
SHAH PUR	31150	Layyah 	Punjab
SHAH PUR CITY	40610	Sargodha 	Punjab
SHAH PUR SADAR	40600	Sargodha 	Punjab
SHAH SADDAR DIN	32170	Dera Ghazi Khan 	Punjab
SHAHBAZ KHEL	28426	Bannu 	NWFP
SHAHDAD KOT	77300	Larkana 	Sindh
SHAHDADPUR	68030	Sanghar 	Sindh
SHAHDARA BAGH	54950	Lahore 	Punjab
SHAHEENABAD	40130	Sargodha 	Punjab
SHAHI MOHALLAH 	54110	Lahore 	Punjab
SHAHI TUMP	92500	Turbat 	Balochistan
SHAHIBABAD	18210	Batkhela HPO	NWFP
SHAHPUR CHAKAR	68200	Sanghar 	Sindh
SHAIDU	24030	Nowshera 	NWFP
SHAKAR DARA	26380	Kohat 	NWFP
SHAKAR GARH	51800	Narowal 	Punjab
SHAM DHERA	21410	Mansehra 	NWFP
SHAMS ABAD	43490	Attock 	Punjab
SHARAQ PUR	39460	Qila Sheikhupura 	Punjab
SHARIGH	82400	Sibi 	Balochistan
SHARINGAL	18050	Batkhela HPO	NWFP
SHEHAR SULTAN	34410	Muzaffargarh 	Punjab
SHEIKH BHARKIO	70200	Hyderabad 	Sindh
SHEIKH FAZAL	57214	Sahiwal 	Punjab
SHEIKH PUR	50764	Gujrat 	Punjab
SHEIKHABAD	24470	Charsadda 	NWFP
SHEIKHUL BANDI	22090	Abbottabad 	NWFP
SHEIKHUPURA SERVICE INDUSTRY	39040	Qila Sheikhupura 	Punjab
SHER GARH	56140	Okara 	Punjab
SHER GARH	23100	Mardan 	NWFP
SHER GARH (MANSEHRA)	21450	Mansehra 	NWFP
SHER KOT	26014	Kohat 	NWFP
SHERKIRA	24860	Peshawar 	NWFP
SHERPAO	24530	Charsadda 	NWFP
SHERWAN	22120	Abbottabad 	NWFP
SHEWA	23424	Mardan 	NWFP
SHIGAR	16300	Skardu HPO	Northern Area
SHIKARPUR GPO	78100	Shikarpur 	Sindh
SHINKA	43420	Attock 	Punjab
SHINKIARI	21140	Mansehra 	NWFP
SHINKIARI CAMP	21150	Mansehra 	NWFP
SHOKOOR	24508	Charsadda 	NWFP
SHOLGARAHA	20400	Mansehra 	NWFP
SHOR KOT CANTT.	35010	Jhang 	Punjab
SHOR KOT CITY	35050	Jhang 	Punjab
SHOT KHARA	17090	Mardan 	NWFP
SHUJABAD	59220	Multan 	Punjab
SIAKH	10300	Mirpur 	Azad Kashmir
SIAL	30010	Bhakkar 	Punjab
SIAL CHOWK	40222	Sargodha 	Punjab
SIALKOT CANTT.	51300	Sialkot 	Punjab
SIALKOT GPO	51310	Sialkot 	Punjab
SIBI G.P.O.	82000	Sibi 	Balochistan
SIBI PETROL PUMP	82200	Sibi 	Balochistan
SIBI RAILWAY COLONY	82100	Sibi 	Balochistan
SIDH	50972	Gujrat 	Punjab
SIDHER	48640	Chakwal 	Punjab
SIHAL	47290	Rawalpindi 	Punjab
SIHALA	45750	Islamabad 	Federal Capital
SIKANDAR ABAD	59210	Multan 	Punjab
SIKANDARABAD	15400	Gilgit 	Northern Area
SIKANDARABAD 	70104	Hyderabad 	Sindh
SIKARIALI	50260	Gujrat 	Punjab
SILLAN WALI	40010	Sargodha 	Punjab
SINAWAN	34100	Muzaffargarh 	Punjab
SINDH ABADGAR SUGAR MILLS T.M. KHAN	73024	Hyderabad 	Sindh
SINDH AGRICULTURE UNIVERSITY TANDO JAM	70060	Hyderabad 	Sindh
SINDH INDUSTRIAL TRADING ESTATE HYDERABAD	71900	Hyderabad 	Sindh
SINDH REGIMENTAL CENTRE HYDERABAD	71850	Hyderabad 	Sindh
SINGAL	15160	Gilgit 	Northern Area
SINJAWI	84300	Loralai 	Balochistan
SINJHORO	68220	Sanghar 	Sindh
SIR SUBA SHAH	47480	Rawalpindi 	Punjab
SIRIKOT	22840	Haripur 	NWFP
SIRKA	43520	Attock 	Punjab
SIT PUR	34480	Muzaffargarh 	Punjab
SITA	76250	Dadu 	Sindh
SITARA COLONY	38086	Faisalabad 	Punjab
SITE KOTRI	76010	Hyderabad 	Sindh
SKARDU AIRPORT	16200	Skardu HPO	Northern Area
SKARDU BAZAR	16100	Skardu HPO	Northern Area
SKARDU HPO	16100	Skardu HPO	Northern Area
SKINDAR KHEL BALA	28106	Bannu 	NWFP
SMALL INDUSTRIES ESTATE	51340	Sialkot 	Punjab
SOBHO DERA	66110	Khairpur  	Sindh
SOBOOR	50932	Gujrat 	Punjab
SODHI	41110	Khushab 	Punjab
SOHAN	45740	Islamabad 	Federal Capital
SOHARAN CHATHA	52342	Gujranwala 	Punjab
SOHAT BAGIAL	47474	Rawalpindi 	Punjab
SOHAWA	49230	Jhelum 	Punjab
SOHAWA BULANI	50470	Mandi Bahauddin 	Punjab
SOHAWA VILLAGE	48850	Chakwal 	Punjab
SOHBAT PUR	80600	Sibi 	Balochistan
SOHDRA	52030	Gujranwala 	Punjab
SOHJA	64120	Rahimyar Khan 	Punjab
SOKAR	32140	Dera Ghazi Khan 	Punjab
SOLO BULEDA	92810	Turbat 	Balochistan
SOMMIANI (WINDER)	90210	Khuzdar 	Balochistan
SOON TOPA 	12340	Rawalakot 	Azad Kashmir
SORAB	88400	Khuzdar 	Balochistan
SORAH	66170	Khairpur 	Sindh
SORANGE	88050	Quetta 	Balochistan
SOUR	47364	Rawalpindi 	Punjab
SPIN KHAK	24250	Nowshera 	NWFP
STAFF COLLEGE QUETTA	87800	Quetta 	Balochistan
SUI GAS FIELD SIBI	80000	Sibi 	Balochistan
SUJAWAL	73050	Hyderabad 	Sindh
SUKHE KE MANDI	52160	Gujranwala 	Punjab
SUKHO	47720	Gujar Khan 	Punjab
SUKHO CHAK	51840	Narowal 	Punjab
SUKKUR BOARD OF SECONDARY EDUCATION	65210	Sukkur 	Sindh
SUKKUR GPO	65200	Sukkur 	Sindh
SULEMANKI HEAD WORKS	56030	Okara 	Punjab
SULTAN COLONY	34600	Muzaffargarh 	Punjab
SULTAN KOT	78250	Shikarpur 	Sindh
SULTANABAD	28354	Bannu 	NWFP
SUMBALGAH	47320	Rawalpindi 	Punjab
SUNNY BANK	47140	Murree 	Punjab
SURAJ MIANI	59070	Multan 	Punjab
SURAKHPUR	50812	Gujrat 	Punjab
SURG	43252	Attock 	Punjab
SURG DHAN	49220	Jhelum 	Punjab
SURGUL	26350	Kohat 	NWFP
SURRAKI	41102	Khushab 	Punjab
SUST	15800	Gilgit 	Northern Area
TABISAR	42370	Mianwali 	Punjab
TAHLIAN	12014	Rawalakot 	Azad Kashmir
TAHLIAN WALA	49608	Jhelum 	Punjab
TAJA ZAI	28360	Bannu 	NWFP
TAJORI	28380	Bannu 	NWFP
TAJPURA	54870	Lahore Cantt 	Punjab
TAKAL	47500	Rawalpindi 	Punjab
TAKHT MAHAL	62310	Bahawal Nagar 	Punjab
TAKHTI KHEL	28322	Bannu 	NWFP
TAKKAR	23164	Mardan 	NWFP
TAKWARA 	29380	Dera Ismail Khan 	NWFP
TALAGANG CITY 	48090	Talagang 	Punjab
TALAGANG G.P.O.	48100	Talagang 	Punjab
TALAMBA	58080	Khanewal 	Punjab
TALHAR	72100	Hyderabad 	Sindh
TALHI	69210	Mirpur Khas 	Sindh
TALLI	82010	SIBI 	Balochistan
TALWANDI	55020	Kasur 	Punjab
TALWANDI BHINDRAN	51570	Narowal 	Punjab
TALWANDI RAHWALI	52280	Gujranwala 	Punjab
TAMMAN	48040	Talagang 	Punjab
TANDA	50810	Gujrat 	Punjab
TANDLIAN WALA	37150	Faisalabad 	Punjab
TANDO ADAM	68050	Sanghar 	Sindh
TANDO ALLAHYAR	70010	Hyderabad 	Sindh
TANDO BAGO	72120	Hyderabad 	Sindh
TANDO GHULAM ALI	72050	Hyderabad 	Sindh
TANDO IKRAM	72220	Hyderabad 	Sindh
TANDO JAM	70050	Hyderabad 	Sindh
TANDO JAN MUHAMMAD	69320	Mirpur Khas 	Sindh
TANDO MIR ALI	67020	Khairpur 	Sindh
TANDO MIR ALI	67020	Nawabshah 	Sindh
TANDO MITHA KHAN	68140	Sanghar 	Sindh
TANDO MOHAMMAD KHAN	70220	Hyderabad 	Sindh
TANDO QAISER	70070	Hyderabad 	Sindh
TANDO WASO	68340	Sanghar 	Sindh
TANGI	24540	Charsadda 	NWFP
TANGWANI	79150	Jacobabad 	Sindh
TANK GPO	29400	Tank 	NWFP
TARAR KHEL	12080	Rawalakot 	Azad Kashmir
TARBELA DAM COLONY	22850	Haripur 	NWFP
TARINDA R.S.	64180	Rahimyar Khan 	Punjab
TARIQ ABAD (MIRPUR)	10390	Mirpur 	Azad Kashmir
TARKAI	49280	Jhelum 	Punjab
TARLAI KALAN	45550	Islamabad 	Federal Capital
TARNAB CHEENA	24600	Charsadda 	NWFP
TARNAB FARM	24330	Nowshera 	NWFP
TARNOL	45230	Islamabad 	Federal Capital
TARRU JABBA	24310	Nowshera 	NWFP
TATEPUR	59020	Multan 	Punjab
TATLEY AALI 	52380	Gujranwala 	Punjab
TATRAL	48810	Chakwal 	Punjab
TATTA PANI	11160	Kotli 	Azad Kashmir
TAUNSA SHARIF	32100	Dera Ghazi Khan 	Punjab
TAURANGZAI	24490	Charsadda 	NWFP
TAXILA	47080	Wah Cantt. 	Punjab
TAXILA CANTT.	47070	Wah Cantt. 	Punjab
TAZAGRAM	23140	Mardan 	NWFP
TEHI	48070	Talagang 	Punjab
TEHKAL BALA	25140	Peshawar 	NWFP
TEHKAL PAYAN	25150	Peshawar 	NWFP
TELEGRAPH WORKSHOP KOTRI	76030	Hyderabad 	Sindh
TERI	26390	Kohat 	NWFP
TERU	15350	Skardu HPO	Northern Area
THAGAS	16900	Skardu HPO	Northern Area
THAKOT	21030	Mansehra 	NWFP
THAL KHALSA	47522	Rawalpindi 	Punjab
THANA	23000	Batkhela HPO	NWFP
THANA BULA KHAN	76050	Hyderabad 	Sindh
THANDAYANI 	22150	Abbottabad 	NWFP
THANIAL FATOHI	48802	Chakwal 	Punjab
THANIL KAMAL	48780	Chakwal 	Punjab
THARA	10544	Mirpur 	Azad Kashmir
THARMAL POWER STATION MUZAFFARGARH 	34114	Muzaffargarh 	Punjab
THARU SHAH	67080	Nawabshah 	Sindh
THARYATI	22220	Abbottabad 	NWFP
THATHA SADIQABAD	58210	Khanewal 	Punjab
THATHI	47940	Gujar Khan 	Punjab
THATTA	43130	Attock 	Punjab
THATTA	73130	Hyderabad 	Sindh
THATTI NASRATI	27400	Karak 	NWFP
THEHRI	66160	Khairpur  	Sindh
THEKHERIAN	47800	Gujar Khan 	Punjab
THERMAL POWER STATION	76064	Hyderabad 	Sindh
THJKRI WALA	37520	Faisalabad 	Punjab
THOA BAHADUR	48650	Chakwal 	Punjab
THOHA KHALSA	47380	Rawalpindi 	Punjab
THOHA MEHRAM KHAN	48270	Talagang 	Punjab
THORAR	12310	Rawalakot 	Azad Kashmir
THOWAR	16160	Skardu HPO	Northern Area
THRACHANI	65168	Sukkur 	Sindh
THUL	79100	Jacobabad 	Sindh
THULL CITY	26270	Kohat 	NWFP
THULL FORT	26260	Kohat 	NWFP
THUTHA RAI BAHADAR	50180	Gujrat 	Punjab
TIBA SULTANPUR	61170	Vehari 	Punjab
TIBBA NAINAM WALA	30130	Bhakkar 	Punjab
TIBBI QAISRANI	32030	Dera Ghazi Khan 	Punjab
TIMARGARA	18300	Batkhela HPO	NWFP
TIMBER MARKET	54120	Lahore 	Punjab
TITER KHEL	28364	Bannu 	NWFP
TOBA CAMP	22060	Abbottabad 	NWFP
TOBA TAKE SINGH GPO	36050	T.T Singh 	Punjab
TOBAH	49030	Jhelum 	Punjab
TOGH BALA	26010	Kohat 	NWFP
TOGH SARAI	26200	Kohat 	NWFP
TOLA BANGI KHEL	42380	Mianwali 	Punjab 
TOLTI	16450	Skardu HPO	Northern Area
TOOR	49712	Jhelum 	Punjab
TOPI	23460	Sawabi 	NWFP
TOR WARSAK	19270	Mardan 	NWFP
TORDHER	23610	Sawabi 	NWFP
TORKA	28040	Bannu 	NWFP
TORU	23300	Mardan 	NWFP
TOTAKAN	23030	Batkhela HPO	NWFP
TOTLAI	23434	Sawabi 	NWFP
TOWLER VILLAGE NOORIABAD	73094	Hyderabad 	Sindh
TOWNSHIP SECTOR A-1 LAHORE	54770	Lahore Cantt 	Punjab
TRAG	42420	Mianwali 	Punjab
TRAP	48000	Attock 	Punjab
TRET	47100	Murree 	Punjab
TRINDA MUHAMMAD PANAH	64030	Rahimyar Khan 	Punjab
TUMP	92300	Turbat 	Balochistan
TUNIA BAGA SHAH	67034	Nawabshah 	Sindh 
TURBAT G.P.O.	92600	Turbat 	Balochistan
UBAURO	65030	Sukkur 	Sindh
UCH SHARIF	63410	Bahawalpur 	Punjab
UCHHALI	41150	Khushab 	Punjab
UDHOWAL	47580	Rawalpindi 	Punjab
UGALI	41104	Khushab 	Punjab
UGOKE	51050	Sialkot 	Punjab
UMAR KOT	69100	Mirpur Khas 	Sindh
UMARABAD	23154	Mardan 	NWFP
UMARZAI	24510	Charsadda 	NWFP
UMERABAD GIDDER	88410	Khuzdar 	Balochistan
UNIVERSITY NEW CAMPUS JAMSHORO	76080	Hyderabad 	Sindh
UPPER SUDDAN GALI	12504	Bagh 	Azad Kashmir
UPPER TOPA	47210	Murree 	Punjab
URMAR PAYAN	24300	Nowshera 	NWFP
USMAN KHATTER	47060	Rawalpindi 	Punjab
USMAN WALA	55010	Kasur 	Punjab
USTA MUHAMMAD	80300	Sibi 	Balochistan
USTER ZAI PAYAN	26170	Kohat 	NWFP
UTHAL	90150	Khuzdar 	Balochistan
UTMANZAI	24500	Charsadda 	NWFP
VANIA WALA	52404	Gujranwala 	Punjab
VEHARI GPO	61100	Vehari 	Punjab
VEHARI PEOPLES COLONY	61120	Vehari 	Punjab
VEHOA	32010	Dera Ghazi Khan 	Punjab
VUR	73170	Hyderabad 	Sindh
WADALA SANDHUAN	51510	Sialkot 	Punjab
WADH	89250	Khuzdar 	Balochistan
WAGGAN	77230	Larkana 	Sindh
WAGH	49130	Jhelum 	Punjab
WAGHA	53600	Lahore Cantt 	Punjab
WAH	47000	Wah Cantt. 	Punjab
WAH CANTT. G.P.O.	47040	Wah Cantt. 	Punjab
WAH CEMENT WORKS	47020	Wah Cantt. 	Punjab
WAH WEST PARK	47046	Wah Cantt. 	Punjab
WAHALIZER	48322	Chakwal 	Punjab
WAHDAT COLONY	52254	Gujranwala 	Punjab
WAHULA	48350	Chakwal 	Punjab
WAISA	43510	Attock 	Punjab
WAN BHACHRAN	42100	Mianwali 	Punjab
WAN RADHA RAM	55360	Kasur 	Punjab
WANA	29540	Tank 	NWFP
WANDA KHAN MUHAMMAD	29010	Dera Ismail Khan 	NWFP
WANDO	52464	Gujranwala 	Punjab
WANHAR	48160	Talagang 	Punjab
WANIAWALA	52404	Gujranwala 	Punjab
WANIKE TARAR	52104	Gujranwala 	Punjab
WAPDA RESIDENCY COLONY LAKHRA	73260	Hyderabad 	Sindh
WAPDA SCARP COLONY	64300	Rahimyar Khan 	Punjab
WAPDA TOWN 	52132	Gujranwala 	Punjab
WARAH	77040	Larkana 	Sindh
WARANA	27810	Karak 	NWFP
WARBURTON	39180	Qila Sheikhupura 	Punjab
WARCHHA MANDI	41330	Khushab 	Punjab
WARI	18200	Batkhela HPO	NWFP
WARSAK COLONY	24680	Peshawar 	NWFP
WARYAM	35100	Jhang 	Punjab
WASNAL	48582	Chakwal 	Punjab
WATALA	10010	Bhimber 	Azad Kashmir
WAZIRABAD	52000	Gujranwala 	Punjab
WIJH	40110	Sargodha 	Punjab
YAKA TOOT	25200	Peshawar 	NWFP
YAR HUSSAIN	23320	Sawabi 	NWFP
YARIK	29020	Dera Ismail Khan 	NWFP
YASIN	15310	Gilgit 	Northern Area
YASIN KALAN	43422	Attock 	Punjab
YAZMAN	63210	Bahawalpur 	Punjab
YOUSAF SHAH	30046	Bhakkar 	Punjab
ZAFAR WAL	51670	Narowal 	Punjab
ZAHIR PEER	64130	Rahimyar Khan 	Punjab
ZAIDA	23540	Sawabi 	NWFP
ZAIMDARA	18450	Batkhela HPO	NWFP
ZAMAMA	52240	Gujranwala 	Punjab
ZARA KHELA	19250	Saidu Sharif 	NWFP
ZARA MIANA	24044	Nowshera 	NWFP
ZARGERI	26210	Kohat 	NWFP
ZAROBI	23510	Sawabi 	NWFP
ZEHRI 	88450	Khuzdar 	Balochistan
ZHOB	85200	Loralai 	Balochistan
ZIARAT	96000	Quetta 	Balochistan
ZIARAT (DIR)	18700	Batkhela HPO	NWFP
ZIARAT KAKA SAHIB	24130	Nowshera 	NWFP
